order_id,user_id,status,gender,created_at,returned_at,shipped_at,delivered_at,num_of_item
1,1,Shipped,F,13/10/2023 03:45:00,,15/10/2023 14:35:00,,1
14,13,Shipped,F,17/10/2023 03:22:00,,18/10/2023 02:35:00,,1
33,27,Shipped,F,29/05/2021 09:33:00,,31/05/2021 14:23:00,,1
34,27,Shipped,F,19/07/2023 09:33:00,,21/07/2023 14:33:00,,4
37,30,Shipped,F,01/09/2023 01:33:00,,03/09/2023 03:24:00,,1
59,42,Shipped,F,11/02/2023 07:47:00,,13/02/2023 04:34:00,,1
62,43,Shipped,F,07/10/2021 08:51:00,,09/10/2021 20:19:00,,1
67,48,Shipped,F,23/05/2023 04:50:00,,23/05/2023 07:54:00,,4
68,49,Shipped,F,02/07/2019 12:15:00,,03/07/2019 09:04:00,,3
69,51,Shipped,F,12/09/2023 08:04:00,,13/09/2023 11:50:00,,2
75,56,Shipped,F,13/08/2021 05:44:00,,15/08/2021 01:24:00,,1
81,59,Shipped,F,10/03/2023 17:39:00,,12/03/2023 10:35:00,,1
93,66,Shipped,F,02/11/2023 13:00:00,,02/11/2023 23:49:00,,1
107,76,Shipped,F,07/08/2021 16:09:00,,09/08/2021 20:25:00,,1
123,89,Shipped,F,30/01/2021 18:37:00,,31/01/2021 22:56:00,,1
134,100,Shipped,F,14/10/2023 08:00:00,,14/10/2023 17:47:00,,1
148,111,Shipped,F,15/08/2023 13:48:00,,18/08/2023 05:53:00,,3
152,114,Shipped,F,22/03/2021 03:01:00,,22/03/2021 09:04:00,,1
157,117,Shipped,F,21/02/2022 18:43:00,,24/02/2022 12:05:00,,1
159,119,Shipped,F,28/01/2023 13:39:00,,29/01/2023 07:12:00,,1
161,119,Shipped,F,02/07/2023 13:39:00,,04/07/2023 00:09:00,,1
163,120,Shipped,F,24/06/2023 04:24:00,,26/06/2023 23:29:00,,1
168,122,Shipped,F,04/01/2023 17:45:00,,06/01/2023 15:19:00,,1
170,125,Shipped,F,05/11/2023 08:41:00,,05/11/2023 12:54:00,,2
198,155,Shipped,F,08/03/2021 08:23:00,,10/03/2021 04:26:00,,1
209,165,Shipped,F,08/07/2023 18:12:00,,08/07/2023 22:10:00,,1
216,170,Shipped,F,11/05/2023 14:11:00,,11/05/2023 15:39:00,,1
224,177,Shipped,F,29/01/2021 18:55:00,,31/01/2021 01:33:00,,1
227,182,Shipped,F,23/12/2022 03:13:00,,24/12/2022 07:30:00,,1
229,182,Shipped,F,19/12/2022 03:13:00,,20/12/2022 08:21:00,,2
230,182,Shipped,F,12/04/2022 03:13:00,,13/04/2022 03:03:00,,2
249,203,Shipped,F,05/05/2020 03:42:00,,06/05/2020 03:14:00,,1
250,203,Shipped,F,17/06/2022 03:42:00,,17/06/2022 20:00:00,,1
251,203,Shipped,F,22/02/2021 03:42:00,,24/02/2021 05:27:00,,1
252,205,Shipped,F,18/03/2023 17:31:00,,19/03/2023 03:58:00,,1
257,211,Shipped,F,01/02/2023 18:28:00,,02/02/2023 11:04:00,,1
259,211,Shipped,F,19/10/2023 18:28:00,,20/10/2023 11:41:00,,2
267,221,Shipped,F,09/08/2023 16:07:00,,10/08/2023 20:19:00,,1
270,223,Shipped,F,21/08/2023 17:08:00,,24/08/2023 08:23:00,,1
277,229,Shipped,F,12/11/2023 00:13:00,,13/11/2023 00:04:00,,1
291,241,Shipped,F,12/09/2023 15:32:00,,13/09/2023 20:12:00,,2
293,242,Shipped,F,03/12/2022 04:48:00,,03/12/2022 09:47:00,,1
297,244,Shipped,F,06/11/2023 14:49:00,,08/11/2023 18:24:00,,1
303,250,Shipped,F,19/09/2023 02:20:00,,21/09/2023 12:48:00,,1
317,265,Shipped,F,12/11/2021 04:38:00,,15/11/2021 01:32:00,,1
318,266,Shipped,F,05/01/2022 08:37:00,,06/01/2022 23:14:00,,1
319,266,Shipped,F,27/07/2020 08:37:00,,27/07/2020 19:15:00,,2
322,269,Shipped,F,07/11/2020 17:17:00,,08/11/2020 13:29:00,,2
329,277,Shipped,F,20/08/2021 01:34:00,,21/08/2021 17:06:00,,2
333,280,Shipped,F,11/04/2023 00:45:00,,11/04/2023 18:16:00,,1
335,281,Shipped,F,23/11/2022 06:03:00,,24/11/2022 14:48:00,,2
336,283,Shipped,F,01/06/2022 06:12:00,,02/06/2022 02:42:00,,1
337,283,Shipped,F,12/06/2022 06:12:00,,14/06/2022 21:46:00,,1
339,284,Shipped,F,26/08/2021 07:34:00,,27/08/2021 22:15:00,,2
346,288,Shipped,F,07/03/2021 00:24:00,,08/03/2021 11:14:00,,2
355,294,Shipped,F,11/02/2020 05:05:00,,11/02/2020 21:13:00,,1
358,295,Shipped,F,06/10/2023 18:23:00,,07/10/2023 11:12:00,,1
360,296,Shipped,F,28/08/2023 05:50:00,,30/08/2023 14:52:00,,1
362,298,Shipped,F,13/09/2021 13:04:00,,13/09/2021 21:14:00,,2
363,299,Shipped,F,12/08/2023 08:37:00,,13/08/2023 04:17:00,,2
365,303,Shipped,F,16/04/2023 02:51:00,,17/04/2023 22:29:00,,1
369,305,Shipped,F,19/11/2023 04:51:43,,21/11/2023 17:49:43,,2
373,312,Shipped,F,13/06/2023 12:59:00,,14/06/2023 19:50:00,,1
381,319,Shipped,F,13/03/2022 12:28:00,,15/03/2022 14:37:00,,2
387,325,Shipped,F,05/04/2021 18:23:00,,08/04/2021 18:18:00,,1
400,334,Shipped,F,06/06/2021 01:53:00,,06/06/2021 22:00:00,,1
407,339,Shipped,F,22/04/2021 08:45:00,,24/04/2021 12:38:00,,1
419,344,Shipped,F,29/10/2023 11:01:00,,31/10/2023 21:04:00,,1
421,347,Shipped,F,08/06/2023 03:41:00,,10/06/2023 07:28:00,,1
437,359,Shipped,F,09/01/2023 11:55:00,,10/01/2023 16:06:00,,1
439,360,Shipped,F,07/10/2023 06:24:00,,08/10/2023 09:55:00,,1
468,384,Shipped,F,10/08/2023 05:41:00,,12/08/2023 04:57:00,,2
480,396,Shipped,F,13/08/2023 04:50:00,,15/08/2023 17:24:00,,2
483,398,Shipped,F,15/10/2023 14:57:00,,17/10/2023 04:46:00,,2
487,403,Shipped,F,03/04/2022 01:59:00,,03/04/2022 06:54:00,,1
492,409,Shipped,F,08/11/2023 16:23:00,,11/11/2023 15:06:00,,1
494,412,Shipped,F,04/03/2023 09:33:00,,05/03/2023 22:21:00,,2
497,415,Shipped,F,01/03/2023 17:05:00,,04/03/2023 06:30:00,,2
512,421,Shipped,F,06/10/2022 03:19:00,,07/10/2022 04:49:00,,2
520,427,Shipped,F,07/10/2023 03:41:00,,09/10/2023 17:10:00,,1
521,427,Shipped,F,31/05/2023 03:41:00,,02/06/2023 18:37:00,,1
531,436,Shipped,F,10/07/2022 15:46:00,,13/07/2022 12:50:00,,2
535,440,Shipped,F,19/11/2023 14:17:47,,21/11/2023 19:53:47,,1
538,442,Shipped,F,31/10/2023 15:53:00,,01/11/2023 10:16:00,,1
548,450,Shipped,F,16/03/2022 16:05:00,,17/03/2022 10:42:00,,1
555,456,Shipped,F,31/12/2022 15:06:00,,01/01/2023 17:00:00,,1
562,466,Shipped,F,03/04/2023 07:52:00,,05/04/2023 06:33:00,,1
565,468,Shipped,F,24/10/2019 09:12:00,,24/10/2019 21:05:00,,2
566,468,Shipped,F,21/04/2021 09:12:00,,21/04/2021 18:30:00,,1
575,476,Shipped,F,31/12/2022 07:02:00,,02/01/2023 12:31:00,,1
578,479,Shipped,F,14/11/2023 17:42:00,,16/11/2023 14:11:00,,1
583,482,Shipped,F,19/11/2023 09:15:48,,21/11/2023 06:12:48,,1
586,485,Shipped,F,25/03/2023 11:43:00,,27/03/2023 03:49:00,,1
588,487,Shipped,F,30/07/2023 12:18:00,,01/08/2023 14:54:00,,1
596,492,Shipped,F,27/02/2023 07:38:00,,27/02/2023 19:56:00,,1
598,494,Shipped,F,06/07/2023 07:21:00,,09/07/2023 02:17:00,,1
600,498,Shipped,F,30/05/2021 02:57:00,,30/05/2021 13:38:00,,1
606,503,Shipped,F,09/06/2022 14:55:00,,10/06/2022 03:00:00,,1
613,506,Shipped,F,06/11/2022 13:28:00,,07/11/2022 10:14:00,,1
625,518,Shipped,F,17/11/2022 17:26:00,,18/11/2022 12:19:00,,2
631,526,Shipped,F,05/11/2023 01:37:00,,07/11/2023 14:07:00,,2
633,531,Shipped,F,14/07/2022 01:48:00,,16/07/2022 08:25:00,,1
634,532,Shipped,F,17/03/2023 01:22:00,,18/03/2023 18:39:00,,2
636,533,Shipped,F,02/02/2020 18:44:00,,02/02/2020 20:34:00,,1
637,533,Shipped,F,13/02/2020 18:44:00,,14/02/2020 22:34:00,,1
656,548,Shipped,F,13/09/2022 01:52:00,,15/09/2022 10:08:00,,1
658,552,Shipped,F,15/06/2023 01:31:00,,15/06/2023 05:34:00,,3
665,556,Shipped,F,09/06/2023 18:35:00,,10/06/2023 14:22:00,,1
666,556,Shipped,F,12/07/2023 18:35:00,,13/07/2023 22:55:00,,1
669,559,Shipped,F,05/11/2023 17:28:00,,06/11/2023 21:11:00,,1
690,573,Shipped,F,10/11/2023 02:55:00,,11/11/2023 07:25:00,,3
696,579,Shipped,F,17/11/2023 01:16:00,,19/11/2023 06:31:00,,1
700,582,Shipped,F,29/09/2023 12:31:00,,30/09/2023 03:13:00,,1
701,582,Shipped,F,26/08/2021 12:31:00,,28/08/2021 08:07:00,,1
724,599,Shipped,F,22/05/2019 08:19:00,,23/05/2019 05:23:00,,1
738,609,Shipped,F,24/12/2019 14:21:00,,25/12/2019 23:01:00,,1
739,610,Shipped,F,20/09/2021 08:30:00,,22/09/2021 01:14:00,,2
751,620,Shipped,F,02/10/2022 04:22:00,,04/10/2022 02:38:00,,2
762,626,Shipped,F,13/08/2023 14:49:00,,14/08/2023 11:41:00,,1
765,629,Shipped,F,23/09/2023 05:24:00,,23/09/2023 20:40:00,,1
788,648,Shipped,F,04/11/2020 03:19:00,,06/11/2020 04:32:00,,1
791,650,Shipped,F,24/11/2020 10:03:00,,25/11/2020 04:11:00,,1
792,650,Shipped,F,09/10/2022 10:03:00,,11/10/2022 11:25:00,,4
806,661,Shipped,F,01/11/2023 16:59:00,,04/11/2023 09:46:00,,1
809,665,Shipped,F,14/05/2022 16:12:00,,15/05/2022 05:45:00,,3
818,673,Shipped,F,04/03/2022 06:25:00,,07/03/2022 00:16:00,,1
821,675,Shipped,F,16/08/2023 16:47:00,,17/08/2023 06:17:00,,3
828,679,Shipped,F,25/11/2022 12:20:00,,26/11/2022 22:28:00,,1
834,683,Shipped,F,02/03/2023 07:11:00,,04/03/2023 22:38:00,,1
844,691,Shipped,F,08/01/2020 12:49:00,,09/01/2020 11:14:00,,1
845,691,Shipped,F,21/04/2023 12:49:00,,21/04/2023 13:18:00,,1
852,697,Shipped,F,10/07/2023 14:37:00,,12/07/2023 23:53:00,,2
859,706,Shipped,F,15/08/2021 04:47:00,,15/08/2021 05:30:00,,1
860,706,Shipped,F,06/09/2023 04:47:00,,07/09/2023 17:21:00,,4
861,706,Shipped,F,12/10/2023 04:47:00,,13/10/2023 23:21:00,,2
878,721,Shipped,F,26/02/2023 16:22:00,,27/02/2023 09:39:00,,1
885,725,Shipped,F,19/01/2023 16:19:00,,20/01/2023 13:27:00,,1
890,729,Shipped,F,06/02/2021 03:49:00,,07/02/2021 21:53:00,,1
891,729,Shipped,F,21/09/2020 03:49:00,,21/09/2020 06:17:00,,4
895,731,Shipped,F,12/02/2023 14:16:00,,12/02/2023 15:20:00,,1
896,731,Shipped,F,23/08/2023 14:16:00,,26/08/2023 08:58:00,,1
917,749,Shipped,F,21/03/2022 12:57:00,,23/03/2022 22:43:00,,2
918,749,Shipped,F,14/06/2023 12:57:00,,16/06/2023 00:56:00,,2
920,754,Shipped,F,26/04/2023 07:48:00,,26/04/2023 17:24:00,,2
923,757,Shipped,F,04/08/2022 07:10:00,,06/08/2022 12:49:00,,3
950,776,Shipped,F,09/08/2021 07:22:00,,09/08/2021 22:21:00,,1
969,792,Shipped,F,02/11/2022 11:20:00,,04/11/2022 14:32:00,,3
974,797,Shipped,F,13/09/2023 16:08:00,,14/09/2023 12:01:00,,1
976,801,Shipped,F,06/09/2023 16:24:00,,07/09/2023 16:52:00,,1
977,802,Shipped,F,25/08/2023 07:29:00,,26/08/2023 10:38:00,,1
980,805,Shipped,F,07/03/2020 10:15:00,,08/03/2020 05:01:00,,1
983,807,Shipped,F,19/01/2023 16:28:00,,20/01/2023 22:46:00,,1
984,807,Shipped,F,31/08/2023 16:28:00,,02/09/2023 10:06:00,,2
987,809,Shipped,F,13/11/2021 13:09:00,,16/11/2021 08:31:00,,1
998,819,Shipped,F,16/10/2021 04:13:00,,19/10/2021 01:49:00,,1
999,819,Shipped,F,16/05/2023 04:13:00,,17/05/2023 14:13:00,,1
1005,823,Shipped,F,22/09/2021 01:23:00,,22/09/2021 17:29:00,,1
1041,852,Shipped,F,01/09/2022 12:11:00,,02/09/2022 03:07:00,,1
1042,855,Shipped,F,02/07/2023 00:22:00,,04/07/2023 12:05:00,,1
1057,865,Shipped,F,27/05/2022 03:06:00,,28/05/2022 14:26:00,,1
1066,871,Shipped,F,17/05/2022 06:22:00,,17/05/2022 21:04:00,,4
1069,874,Shipped,F,24/12/2021 15:40:00,,25/12/2021 19:07:00,,1
1073,878,Shipped,F,10/03/2023 12:45:00,,11/03/2023 16:35:00,,1
1077,881,Shipped,F,25/07/2020 16:42:00,,26/07/2020 22:05:00,,1
1079,881,Shipped,F,09/04/2022 16:42:00,,11/04/2022 08:00:00,,1
1087,886,Shipped,F,10/09/2021 08:14:00,,13/09/2021 07:32:00,,2
1088,886,Shipped,F,04/09/2023 08:14:00,,06/09/2023 21:44:00,,1
1093,890,Shipped,F,15/12/2022 02:44:00,,17/12/2022 04:10:00,,1
1094,892,Shipped,F,26/04/2022 03:47:00,,27/04/2022 04:29:00,,1
1099,895,Shipped,F,23/05/2023 11:34:00,,24/05/2023 15:54:00,,1
1100,897,Shipped,F,16/12/2020 12:00:00,,17/12/2020 11:37:00,,1
1101,897,Shipped,F,16/08/2020 12:00:00,,18/08/2020 18:07:00,,1
1130,921,Shipped,F,22/08/2023 10:09:00,,23/08/2023 04:32:00,,1
1138,927,Shipped,F,06/09/2021 07:55:00,,06/09/2021 10:04:00,,1
1142,929,Shipped,F,13/11/2023 06:03:00,,14/11/2023 14:26:00,,1
1151,935,Shipped,F,18/04/2022 18:19:00,,19/04/2022 10:27:00,,2
1157,940,Shipped,F,30/05/2023 06:25:00,,01/06/2023 04:49:00,,2
1163,943,Shipped,F,09/03/2023 12:40:00,,09/03/2023 19:17:00,,1
1173,948,Shipped,F,23/04/2019 17:00:00,,24/04/2019 19:17:00,,3
1175,950,Shipped,F,01/11/2021 05:22:00,,03/11/2021 02:34:00,,2
1176,951,Shipped,F,27/02/2023 12:35:00,,01/03/2023 08:53:00,,1
1211,983,Shipped,F,25/02/2021 06:46:00,,27/02/2021 13:56:00,,3
1217,986,Shipped,F,09/06/2023 06:51:00,,10/06/2023 23:57:00,,1
1221,990,Shipped,F,09/01/2023 06:14:00,,09/01/2023 06:32:00,,1
1223,992,Shipped,F,04/10/2023 08:37:00,,07/10/2023 08:02:00,,2
1225,993,Shipped,F,13/10/2022 06:44:00,,14/10/2022 06:01:00,,1
1227,995,Shipped,F,06/01/2023 05:01:00,,08/01/2023 04:14:00,,1
1240,1006,Shipped,F,30/06/2022 04:16:00,,02/07/2022 01:48:00,,1
1244,1010,Shipped,F,26/01/2023 12:19:00,,27/01/2023 02:12:00,,1
1263,1023,Shipped,F,03/09/2020 09:38:00,,05/09/2020 15:27:00,,2
1264,1024,Shipped,F,12/04/2022 10:04:00,,13/04/2022 01:40:00,,1
1276,1034,Shipped,F,27/02/2023 02:19:00,,28/02/2023 00:49:00,,1
1281,1038,Shipped,F,17/07/2022 02:03:00,,18/07/2022 02:23:00,,1
1283,1039,Shipped,F,12/10/2020 02:49:00,,12/10/2020 03:03:00,,1
1286,1042,Shipped,F,06/01/2022 08:03:00,,09/01/2022 07:30:00,,1
1293,1046,Shipped,F,01/11/2020 00:39:00,,02/11/2020 05:07:00,,4
1301,1052,Shipped,F,20/01/2021 16:41:00,,22/01/2021 18:11:00,,2
1308,1058,Shipped,F,04/06/2023 15:43:00,,05/06/2023 22:53:00,,1
1313,1061,Shipped,F,26/01/2021 18:01:00,,27/01/2021 18:15:00,,1
1319,1064,Shipped,F,26/07/2020 14:07:00,,28/07/2020 16:39:00,,1
1334,1076,Shipped,F,17/06/2023 02:35:00,,18/06/2023 12:45:00,,2
1335,1080,Shipped,F,20/11/2023 03:59:06,,21/11/2023 14:58:06,,1
1338,1082,Shipped,F,26/07/2023 11:44:00,,27/07/2023 07:38:00,,2
1339,1083,Shipped,F,17/11/2023 06:52:00,,19/11/2023 05:09:00,,2
1372,1112,Shipped,F,30/07/2023 17:59:00,,02/08/2023 17:13:00,,2
1387,1123,Shipped,F,25/10/2022 03:10:00,,26/10/2022 20:04:00,,2
1397,1133,Shipped,F,28/11/2021 17:39:00,,01/12/2021 07:02:00,,2
1398,1133,Shipped,F,16/04/2022 17:39:00,,17/04/2022 06:55:00,,1
1401,1135,Shipped,F,09/12/2021 18:48:00,,10/12/2021 15:40:00,,2
1414,1143,Shipped,F,12/05/2021 17:03:00,,13/05/2021 12:44:00,,4
1420,1148,Shipped,F,01/05/2021 18:16:00,,02/05/2021 21:01:00,,1
1421,1148,Shipped,F,21/10/2023 18:16:00,,23/10/2023 05:34:00,,2
1433,1153,Shipped,F,27/02/2023 18:23:00,,01/03/2023 02:50:00,,1
1458,1179,Shipped,F,21/10/2023 04:47:00,,22/10/2023 20:45:00,,1
1481,1200,Shipped,F,22/09/2023 17:30:00,,25/09/2023 06:03:00,,1
1486,1206,Shipped,F,28/12/2022 18:03:00,,31/12/2022 07:46:00,,2
1495,1210,Shipped,F,11/07/2022 16:08:00,,11/07/2022 20:02:00,,1
1500,1215,Shipped,F,12/05/2022 10:15:00,,14/05/2022 14:16:00,,1
1508,1223,Shipped,F,10/04/2023 07:23:00,,11/04/2023 13:00:00,,1
1509,1224,Shipped,F,20/07/2023 02:36:00,,21/07/2023 07:29:00,,2
1517,1232,Shipped,F,02/08/2023 04:18:00,,03/08/2023 16:26:00,,1
1518,1233,Shipped,F,23/01/2022 14:22:00,,25/01/2022 12:51:00,,1
1528,1243,Shipped,F,13/06/2022 16:58:00,,14/06/2022 02:10:00,,2
1537,1249,Shipped,F,23/05/2021 00:03:00,,23/05/2021 20:20:00,,1
1542,1256,Shipped,F,27/03/2022 13:36:00,,29/03/2022 01:15:00,,2
1551,1264,Shipped,F,21/01/2020 11:21:00,,21/01/2020 12:40:00,,1
1554,1267,Shipped,F,11/11/2020 09:11:00,,11/11/2020 10:28:00,,1
1570,1280,Shipped,F,11/08/2020 08:01:00,,11/08/2020 21:23:00,,2
1578,1286,Shipped,F,16/11/2023 15:37:00,,16/11/2023 18:47:00,,2
1589,1294,Shipped,F,19/11/2023 10:22:00,,20/11/2023 20:37:00,,2
1591,1294,Shipped,F,21/10/2023 10:22:00,,23/10/2023 06:15:00,,1
1597,1298,Shipped,F,21/08/2019 04:45:00,,23/08/2019 21:40:00,,1
1610,1306,Shipped,F,12/11/2023 18:00:00,,13/11/2023 14:55:00,,2
1612,1307,Shipped,F,28/08/2022 10:26:00,,28/08/2022 19:18:00,,1
1617,1311,Shipped,F,26/10/2022 00:50:00,,27/10/2022 23:25:00,,1
1633,1321,Shipped,F,26/02/2023 06:31:00,,26/02/2023 22:51:00,,2
1641,1326,Shipped,F,18/11/2023 05:03:00,,21/11/2023 04:35:00,,1
1643,1326,Shipped,F,07/10/2023 05:03:00,,09/10/2023 07:56:00,,1
1645,1328,Shipped,F,30/09/2023 06:12:00,,30/09/2023 11:36:00,,2
1656,1339,Shipped,F,18/04/2022 08:02:00,,20/04/2022 08:39:00,,1
1657,1340,Shipped,F,08/12/2021 11:41:00,,09/12/2021 06:54:00,,1
1672,1353,Shipped,F,14/08/2023 10:37:00,,15/08/2023 00:03:00,,2
1683,1360,Shipped,F,13/06/2023 01:59:00,,14/06/2023 05:05:00,,1
1686,1362,Shipped,F,28/08/2023 18:10:00,,29/08/2023 13:27:00,,1
1690,1365,Shipped,F,11/05/2022 16:51:00,,12/05/2022 18:26:00,,1
1691,1367,Shipped,F,10/07/2022 05:19:00,,12/07/2022 10:08:00,,1
1701,1380,Shipped,F,09/04/2021 11:57:00,,10/04/2021 12:16:00,,2
1703,1383,Shipped,F,29/04/2022 13:28:00,,30/04/2022 17:57:00,,1
1707,1389,Shipped,F,03/12/2022 18:28:00,,06/12/2022 15:53:00,,1
1710,1391,Shipped,F,01/08/2022 03:32:00,,02/08/2022 23:20:00,,3
1714,1395,Shipped,F,04/08/2021 17:57:00,,05/08/2021 08:45:00,,1
1718,1399,Shipped,F,19/04/2022 07:09:00,,20/04/2022 02:46:00,,1
1721,1401,Shipped,F,11/05/2023 14:23:00,,12/05/2023 10:43:00,,1
1723,1403,Shipped,F,12/07/2021 09:26:00,,14/07/2021 05:59:00,,1
1743,1416,Shipped,F,20/10/2020 12:31:00,,20/10/2020 18:34:00,,1
1748,1421,Shipped,F,30/07/2023 16:47:00,,31/07/2023 09:20:00,,1
1754,1427,Shipped,F,15/08/2022 14:05:00,,15/08/2022 19:32:00,,1
1759,1430,Shipped,F,26/11/2022 00:30:00,,26/11/2022 18:54:00,,1
1768,1436,Shipped,F,18/11/2023 05:43:00,,18/11/2023 20:19:00,,1
1772,1439,Shipped,F,10/04/2021 06:02:00,,10/04/2021 11:35:00,,1
1778,1444,Shipped,F,06/09/2023 00:56:00,,08/09/2023 00:39:00,,1
1782,1447,Shipped,F,27/12/2022 14:45:00,,28/12/2022 09:01:00,,1
1787,1451,Shipped,F,03/09/2023 02:44:00,,04/09/2023 21:05:00,,1
1788,1451,Shipped,F,30/01/2022 02:44:00,,31/01/2022 06:28:00,,3
1789,1455,Shipped,F,25/10/2022 06:05:00,,25/10/2022 20:50:00,,1
1793,1459,Shipped,F,21/05/2022 15:40:00,,23/05/2022 09:02:00,,2
1796,1462,Shipped,F,20/11/2023 02:12:16,,22/11/2023 00:41:16,,2
1811,1472,Shipped,F,08/06/2021 11:14:00,,10/06/2021 08:10:00,,4
1813,1478,Shipped,F,15/09/2023 15:24:00,,15/09/2023 20:35:00,,2
1815,1481,Shipped,F,27/08/2022 11:22:00,,30/08/2022 01:11:00,,1
1820,1484,Shipped,F,14/04/2023 18:03:00,,16/04/2023 18:34:00,,1
1830,1488,Shipped,F,30/07/2022 18:52:00,,02/08/2022 04:32:00,,4
1840,1498,Shipped,F,07/02/2023 09:30:00,,08/02/2023 03:22:00,,1
1847,1503,Shipped,F,14/08/2023 01:05:00,,16/08/2023 17:35:00,,1
1858,1510,Shipped,F,18/11/2023 06:51:00,,18/11/2023 21:29:00,,1
1870,1517,Shipped,F,19/12/2020 00:32:00,,20/12/2020 16:42:00,,4
1895,1543,Shipped,F,16/04/2023 11:31:00,,18/04/2023 18:04:00,,1
1898,1543,Shipped,F,14/10/2023 11:31:00,,16/10/2023 14:30:00,,1
1931,1564,Shipped,F,27/12/2022 08:26:00,,29/12/2022 02:01:00,,1
1932,1566,Shipped,F,05/08/2023 05:32:00,,07/08/2023 11:46:00,,1
1933,1566,Shipped,F,13/10/2023 05:32:00,,13/10/2023 14:47:00,,1
1934,1566,Shipped,F,02/05/2023 05:32:00,,02/05/2023 20:23:00,,1
1937,1569,Shipped,F,20/11/2023 10:09:19,,23/11/2023 06:03:19,,2
1956,1587,Shipped,F,27/09/2019 14:17:00,,29/09/2019 11:18:00,,1
1961,1591,Shipped,F,29/06/2023 06:53:00,,01/07/2023 00:34:00,,1
1963,1591,Shipped,F,29/03/2020 06:53:00,,31/03/2020 19:31:00,,2
1970,1598,Shipped,F,05/03/2022 16:03:00,,07/03/2022 12:59:00,,2
1977,1605,Shipped,F,10/04/2022 17:56:00,,12/04/2022 03:27:00,,1
1978,1605,Shipped,F,16/02/2022 17:56:00,,16/02/2022 21:09:00,,1
1983,1609,Shipped,F,08/05/2023 05:08:00,,10/05/2023 14:02:00,,3
1995,1623,Shipped,F,11/04/2023 03:26:00,,12/04/2023 01:23:00,,2
1997,1623,Shipped,F,01/06/2019 03:26:00,,02/06/2019 15:31:00,,1
2003,1629,Shipped,F,25/05/2020 00:12:00,,26/05/2020 11:07:00,,1
2007,1634,Shipped,F,28/09/2023 14:44:00,,01/10/2023 05:30:00,,1
2010,1635,Shipped,F,24/10/2022 06:31:00,,26/10/2022 01:04:00,,1
2011,1635,Shipped,F,30/11/2020 06:31:00,,30/11/2020 13:00:00,,2
2022,1643,Shipped,F,11/05/2022 17:19:00,,14/05/2022 12:50:00,,1
2032,1649,Shipped,F,11/05/2019 18:50:00,,12/05/2019 01:52:00,,1
2044,1661,Shipped,F,28/03/2021 08:48:00,,30/03/2021 05:55:00,,2
2055,1675,Shipped,F,28/10/2023 16:44:00,,29/10/2023 06:55:00,,1
2062,1683,Shipped,F,29/08/2022 03:46:00,,30/08/2022 11:42:00,,3
2068,1689,Shipped,F,11/06/2021 13:35:00,,13/06/2021 21:23:00,,1
2069,1691,Shipped,F,21/11/2022 06:11:00,,22/11/2022 21:09:00,,1
2070,1691,Shipped,F,03/07/2023 06:11:00,,04/07/2023 03:11:00,,1
2071,1691,Shipped,F,25/07/2022 06:11:00,,27/07/2022 00:50:00,,1
2079,1698,Shipped,F,18/11/2023 12:40:00,,21/11/2023 06:13:00,,1
2092,1712,Shipped,F,05/02/2020 06:31:00,,07/02/2020 21:43:00,,1
2093,1712,Shipped,F,16/07/2019 06:31:00,,17/07/2019 08:32:00,,2
2094,1714,Shipped,F,18/08/2023 08:14:00,,20/08/2023 13:55:00,,1
2096,1714,Shipped,F,31/01/2023 08:14:00,,01/02/2023 17:06:00,,2
2097,1714,Shipped,F,22/02/2023 08:14:00,,22/02/2023 12:39:00,,1
2098,1715,Shipped,F,22/05/2022 11:44:00,,22/05/2022 12:34:00,,3
2101,1717,Shipped,F,15/09/2022 13:08:00,,15/09/2022 20:10:00,,1
2103,1723,Shipped,F,06/10/2023 15:01:00,,08/10/2023 15:56:00,,2
2106,1727,Shipped,F,13/07/2022 03:43:00,,13/07/2022 20:42:00,,1
2108,1728,Shipped,F,30/09/2021 18:30:00,,03/10/2021 03:54:00,,1
2109,1728,Shipped,F,22/05/2023 18:30:00,,25/05/2023 06:46:00,,1
2110,1728,Shipped,F,14/09/2022 18:30:00,,15/09/2022 12:53:00,,2
2114,1729,Shipped,F,02/11/2022 18:11:00,,03/11/2022 07:23:00,,1
2120,1731,Shipped,F,09/01/2020 17:33:00,,10/01/2020 22:05:00,,1
2127,1737,Shipped,F,26/09/2020 08:42:00,,26/09/2020 11:18:00,,1
2130,1740,Shipped,F,16/11/2022 10:51:00,,18/11/2022 10:26:00,,2
2135,1744,Shipped,F,29/08/2023 11:02:00,,31/08/2023 10:40:00,,1
2137,1746,Shipped,F,15/04/2023 16:39:00,,17/04/2023 17:25:00,,1
2154,1757,Shipped,F,29/09/2023 00:23:00,,29/09/2023 12:17:00,,1
2156,1758,Shipped,F,03/05/2022 07:12:00,,05/05/2022 14:43:00,,1
2164,1762,Shipped,F,17/06/2023 04:42:00,,18/06/2023 15:55:00,,2
2168,1764,Shipped,F,04/06/2021 02:34:00,,05/06/2021 19:00:00,,1
2172,1769,Shipped,F,26/07/2023 10:25:00,,28/07/2023 03:17:00,,1
2183,1777,Shipped,F,04/01/2022 14:18:00,,06/01/2022 06:22:00,,1
2184,1777,Shipped,F,05/02/2023 14:18:00,,07/02/2023 21:33:00,,1
2185,1777,Shipped,F,15/09/2023 14:18:00,,18/09/2023 11:52:00,,1
2187,1779,Shipped,F,05/11/2023 07:32:00,,06/11/2023 21:05:00,,1
2191,1782,Shipped,F,08/12/2019 07:04:00,,09/12/2019 00:52:00,,2
2200,1789,Shipped,F,06/09/2023 13:50:00,,07/09/2023 16:38:00,,1
2208,1795,Shipped,F,10/03/2022 17:06:00,,13/03/2022 03:16:00,,1
2209,1795,Shipped,F,14/01/2021 17:06:00,,14/01/2021 21:04:00,,1
2230,1812,Shipped,F,14/08/2021 16:12:00,,16/08/2021 08:46:00,,1
2241,1819,Shipped,F,07/11/2023 05:23:00,,09/11/2023 17:18:00,,1
2249,1826,Shipped,F,10/12/2020 16:33:00,,11/12/2020 02:45:00,,1
2255,1831,Shipped,F,28/09/2023 01:04:00,,29/09/2023 04:13:00,,1
2264,1839,Shipped,F,25/08/2023 18:36:00,,26/08/2023 13:39:00,,1
2287,1856,Shipped,F,22/11/2022 16:14:00,,25/11/2022 16:05:00,,1
2291,1857,Shipped,F,19/07/2021 11:32:00,,20/07/2021 20:13:00,,2
2292,1857,Shipped,F,02/11/2020 11:32:00,,05/11/2020 03:01:00,,1
2302,1861,Shipped,F,20/02/2023 03:54:00,,21/02/2023 00:07:00,,1
2322,1875,Shipped,F,24/10/2023 00:06:00,,26/10/2023 00:28:00,,4
2332,1882,Shipped,F,19/11/2023 19:02:28,,20/11/2023 18:09:28,,1
2335,1886,Shipped,F,06/08/2022 01:28:00,,06/08/2022 12:17:00,,2
2344,1890,Shipped,F,26/05/2023 17:49:00,,26/05/2023 20:33:00,,1
2349,1894,Shipped,F,19/11/2023 07:41:28,,21/11/2023 21:44:28,,1
2369,1913,Shipped,F,31/05/2023 10:07:00,,31/05/2023 19:47:00,,1
2371,1914,Shipped,F,16/11/2022 00:23:00,,17/11/2022 07:08:00,,4
2384,1926,Shipped,F,06/11/2023 03:41:00,,08/11/2023 13:06:00,,2
2397,1932,Shipped,F,10/09/2023 14:21:00,,11/09/2023 10:56:00,,1
2398,1933,Shipped,F,21/10/2023 18:04:00,,23/10/2023 22:38:00,,2
2408,1940,Shipped,F,24/10/2023 06:09:00,,25/10/2023 06:05:00,,1
2409,1940,Shipped,F,30/10/2023 06:09:00,,30/10/2023 07:48:00,,1
2410,1940,Shipped,F,08/10/2023 06:09:00,,10/10/2023 19:57:00,,1
2411,1940,Shipped,F,28/08/2023 06:09:00,,28/08/2023 17:38:00,,1
2416,1944,Shipped,F,03/02/2020 06:15:00,,04/02/2020 15:58:00,,1
2422,1946,Shipped,F,13/05/2023 18:50:00,,16/05/2023 16:17:00,,2
2427,1950,Shipped,F,05/08/2023 12:38:00,,06/08/2023 15:48:00,,3
2428,1950,Shipped,F,15/11/2022 12:38:00,,16/11/2022 22:19:00,,1
2434,1959,Shipped,F,07/10/2023 15:57:00,,10/10/2023 09:35:00,,1
2437,1962,Shipped,F,25/10/2023 10:57:00,,26/10/2023 08:48:00,,1
2440,1964,Shipped,F,14/06/2023 09:01:00,,15/06/2023 15:47:00,,1
2442,1964,Shipped,F,09/08/2023 09:01:00,,11/08/2023 15:40:00,,1
2449,1969,Shipped,F,25/04/2023 11:40:00,,27/04/2023 13:58:00,,2
2450,1969,Shipped,F,29/11/2021 11:40:00,,30/11/2021 15:27:00,,1
2452,1972,Shipped,F,24/08/2022 07:21:00,,26/08/2022 16:04:00,,1
2461,1981,Shipped,F,02/04/2023 10:45:00,,05/04/2023 09:47:00,,2
2466,1984,Shipped,F,05/07/2022 09:14:00,,07/07/2022 01:34:00,,2
2487,2001,Shipped,F,22/10/2022 01:17:00,,22/10/2022 16:52:00,,4
2490,2003,Shipped,F,20/04/2023 05:48:00,,21/04/2023 18:53:00,,1
2492,2003,Shipped,F,04/08/2023 05:48:00,,04/08/2023 17:17:00,,1
2502,2011,Shipped,F,08/10/2023 14:45:00,,11/10/2023 07:57:00,,1
2503,2011,Shipped,F,14/09/2023 14:45:00,,16/09/2023 16:48:00,,3
2506,2013,Shipped,F,07/01/2022 09:11:00,,09/01/2022 10:36:00,,1
2509,2013,Shipped,F,07/04/2021 09:11:00,,09/04/2021 17:06:00,,1
2511,2015,Shipped,F,01/08/2020 04:25:00,,01/08/2020 15:33:00,,1
2512,2016,Shipped,F,22/03/2023 00:54:00,,24/03/2023 13:58:00,,1
2524,2023,Shipped,F,13/08/2022 08:48:00,,14/08/2022 20:18:00,,1
2533,2030,Shipped,F,30/05/2023 05:22:00,,01/06/2023 11:49:00,,1
2534,2031,Shipped,F,08/03/2022 15:25:00,,10/03/2022 16:32:00,,1
2535,2032,Shipped,F,07/11/2023 05:46:00,,07/11/2023 22:00:00,,4
2549,2044,Shipped,F,30/06/2023 02:45:00,,30/06/2023 07:56:00,,1
2550,2044,Shipped,F,26/06/2023 02:45:00,,27/06/2023 09:18:00,,1
2553,2047,Shipped,F,27/06/2023 16:40:00,,29/06/2023 03:55:00,,1
2554,2047,Shipped,F,24/07/2022 16:40:00,,27/07/2022 03:11:00,,4
2557,2048,Shipped,F,07/05/2023 06:15:00,,09/05/2023 14:41:00,,2
2576,2064,Shipped,F,31/01/2022 17:16:00,,31/01/2022 21:35:00,,4
2580,2067,Shipped,F,17/11/2023 01:37:00,,18/11/2023 10:35:00,,2
2581,2069,Shipped,F,26/08/2023 01:31:00,,27/08/2023 05:34:00,,1
2589,2076,Shipped,F,30/06/2022 09:23:00,,01/07/2022 10:47:00,,1
2592,2078,Shipped,F,18/12/2021 11:56:00,,20/12/2021 21:46:00,,1
2593,2079,Shipped,F,11/06/2023 03:50:00,,13/06/2023 06:58:00,,1
2597,2082,Shipped,F,12/09/2023 01:13:00,,14/09/2023 18:52:00,,1
2606,2092,Shipped,F,22/03/2023 07:32:00,,23/03/2023 12:49:00,,1
2609,2094,Shipped,F,31/12/2021 11:18:00,,02/01/2022 14:41:00,,2
2619,2104,Shipped,F,09/05/2021 12:58:00,,12/05/2021 02:19:00,,1
2629,2113,Shipped,F,06/12/2020 03:13:00,,06/12/2020 11:14:00,,2
2642,2123,Shipped,F,14/04/2022 13:11:00,,16/04/2022 04:35:00,,1
2645,2124,Shipped,F,18/11/2023 18:29:35,,21/11/2023 12:24:35,,1
2652,2129,Shipped,F,04/05/2022 01:09:00,,05/05/2022 22:53:00,,1
2654,2129,Shipped,F,19/06/2023 01:09:00,,20/06/2023 14:30:00,,1
2665,2138,Shipped,F,14/08/2023 02:07:00,,14/08/2023 11:09:00,,3
2669,2141,Shipped,F,27/04/2023 11:30:00,,27/04/2023 17:30:00,,1
2670,2143,Shipped,F,30/08/2023 02:03:00,,30/08/2023 03:56:00,,1
2672,2144,Shipped,F,24/10/2022 14:08:00,,26/10/2022 00:57:00,,1
2673,2144,Shipped,F,17/07/2022 14:08:00,,19/07/2022 15:41:00,,1
2687,2157,Shipped,F,10/01/2022 16:57:00,,11/01/2022 03:13:00,,1
2695,2162,Shipped,F,14/06/2021 16:16:00,,17/06/2021 02:35:00,,1
2698,2162,Shipped,F,20/02/2023 16:16:00,,20/02/2023 21:42:00,,1
2707,2172,Shipped,F,14/03/2022 18:43:00,,17/03/2022 04:22:00,,2
2708,2172,Shipped,F,04/09/2021 18:43:00,,05/09/2021 02:45:00,,1
2709,2173,Shipped,F,18/11/2023 15:18:00,,20/11/2023 12:12:00,,1
2725,2190,Shipped,F,21/12/2021 00:54:00,,21/12/2021 18:55:00,,1
2730,2193,Shipped,F,28/01/2022 03:27:00,,28/01/2022 11:07:00,,1
2732,2196,Shipped,F,15/03/2023 08:15:00,,16/03/2023 01:41:00,,3
2747,2212,Shipped,F,27/08/2023 05:15:00,,28/08/2023 05:53:00,,1
2749,2215,Shipped,F,14/08/2022 01:56:00,,16/08/2022 23:45:00,,3
2750,2216,Shipped,F,19/10/2021 05:35:00,,21/10/2021 06:51:00,,2
2754,2217,Shipped,F,22/10/2023 09:19:00,,24/10/2023 23:22:00,,1
2757,2220,Shipped,F,04/05/2022 06:39:00,,06/05/2022 03:40:00,,1
2758,2220,Shipped,F,23/02/2023 06:39:00,,23/02/2023 10:01:00,,1
2764,2224,Shipped,F,02/10/2023 12:33:00,,04/10/2023 14:52:00,,1
2765,2224,Shipped,F,25/10/2023 12:33:00,,27/10/2023 19:48:00,,1
2778,2238,Shipped,F,12/12/2021 01:30:00,,13/12/2021 11:28:00,,1
2788,2251,Shipped,F,15/06/2023 08:48:00,,16/06/2023 08:29:00,,1
2789,2251,Shipped,F,24/01/2023 08:48:00,,24/01/2023 20:52:00,,1
2790,2251,Shipped,F,08/06/2023 08:48:00,,10/06/2023 11:10:00,,1
2807,2268,Shipped,F,28/02/2022 00:33:00,,02/03/2022 17:49:00,,1
2808,2268,Shipped,F,15/07/2021 00:33:00,,17/07/2021 21:01:00,,1
2817,2276,Shipped,F,18/12/2022 06:02:00,,18/12/2022 19:43:00,,2
2834,2287,Shipped,F,23/08/2023 17:22:00,,25/08/2023 07:09:00,,1
2850,2296,Shipped,F,28/06/2022 03:59:00,,29/06/2022 18:48:00,,1
2851,2296,Shipped,F,26/05/2022 03:59:00,,27/05/2022 16:21:00,,2
2852,2296,Shipped,F,26/05/2022 03:59:00,,27/05/2022 13:31:00,,2
2866,2311,Shipped,F,29/03/2023 10:30:00,,30/03/2023 19:12:00,,1
2871,2315,Shipped,F,09/09/2022 03:26:00,,10/09/2022 20:42:00,,2
2884,2324,Shipped,F,29/07/2022 09:51:00,,29/07/2022 18:25:00,,2
2885,2325,Shipped,F,18/06/2023 18:52:00,,20/06/2023 05:36:00,,4
2887,2327,Shipped,F,15/11/2023 18:53:00,,18/11/2023 13:59:00,,1
2888,2328,Shipped,F,13/04/2022 05:17:00,,15/04/2022 16:34:00,,1
2894,2331,Shipped,F,19/11/2023 02:20:40,,19/11/2023 03:09:40,,1
2907,2341,Shipped,F,24/06/2023 02:56:00,,25/06/2023 14:01:00,,2
2908,2341,Shipped,F,26/03/2023 02:56:00,,26/03/2023 16:00:00,,1
2920,2351,Shipped,F,18/02/2023 05:19:00,,18/02/2023 18:09:00,,1
2921,2351,Shipped,F,14/09/2022 05:19:00,,15/09/2022 08:00:00,,1
2924,2356,Shipped,F,14/07/2023 02:34:00,,15/07/2023 09:57:00,,1
2935,2366,Shipped,F,23/10/2019 07:04:00,,23/10/2019 07:50:00,,2
2936,2367,Shipped,F,30/06/2022 05:16:00,,30/06/2022 12:14:00,,2
2937,2368,Shipped,F,03/08/2022 10:09:00,,04/08/2022 08:11:00,,1
2939,2369,Shipped,F,28/08/2023 00:54:00,,29/08/2023 16:50:00,,1
2944,2374,Shipped,F,03/06/2023 05:15:00,,04/06/2023 04:16:00,,2
2949,2377,Shipped,F,22/09/2023 16:31:00,,25/09/2023 15:55:00,,1
2964,2387,Shipped,F,18/05/2023 08:18:00,,20/05/2023 06:44:00,,1
2968,2390,Shipped,F,06/12/2022 05:40:00,,06/12/2022 12:28:00,,1
2975,2395,Shipped,F,13/10/2023 08:32:00,,15/10/2023 09:58:00,,1
2988,2404,Shipped,F,07/05/2023 18:01:00,,09/05/2023 15:11:00,,1
2991,2407,Shipped,F,19/01/2023 01:34:00,,21/01/2023 11:31:00,,1
3001,2415,Shipped,F,31/07/2021 00:30:00,,01/08/2021 06:23:00,,2
3007,2420,Shipped,F,17/11/2023 04:05:43,,17/11/2023 06:45:43,,1
3031,2441,Shipped,F,17/11/2023 01:46:44,,18/11/2023 04:29:44,,1
3040,2447,Shipped,F,21/05/2023 15:04:00,,22/05/2023 09:24:00,,3
3041,2448,Shipped,F,24/06/2023 09:21:00,,24/06/2023 17:46:00,,1
3045,2453,Shipped,F,23/06/2021 06:50:00,,24/06/2021 04:00:00,,2
3057,2464,Shipped,F,04/10/2023 09:36:00,,05/10/2023 22:14:00,,1
3058,2464,Shipped,F,08/07/2022 09:36:00,,09/07/2022 07:57:00,,1
3063,2471,Shipped,F,09/04/2021 09:50:00,,10/04/2021 13:46:00,,4
3076,2485,Shipped,F,06/01/2023 11:52:00,,06/01/2023 23:21:00,,1
3078,2487,Shipped,F,11/09/2023 16:40:00,,12/09/2023 22:35:00,,2
3079,2490,Shipped,F,13/07/2023 13:41:00,,16/07/2023 02:16:00,,1
3087,2504,Shipped,F,07/05/2023 16:54:00,,08/05/2023 08:25:00,,1
3089,2505,Shipped,F,19/12/2022 16:07:00,,21/12/2022 02:32:00,,1
3095,2512,Shipped,F,03/09/2022 07:04:00,,05/09/2022 18:57:00,,1
3097,2513,Shipped,F,03/03/2022 11:43:00,,03/03/2022 18:12:00,,1
3104,2520,Shipped,F,18/02/2023 17:02:00,,20/02/2023 00:11:00,,1
3107,2523,Shipped,F,26/04/2022 04:47:00,,28/04/2022 00:38:00,,1
3110,2527,Shipped,F,05/01/2023 01:13:00,,06/01/2023 07:31:00,,1
3112,2527,Shipped,F,19/01/2023 01:13:00,,21/01/2023 04:15:00,,1
3114,2529,Shipped,F,20/07/2021 09:15:00,,22/07/2021 07:10:00,,4
3116,2530,Shipped,F,16/11/2023 16:27:00,,19/11/2023 10:18:00,,1
3124,2538,Shipped,F,14/01/2022 02:07:00,,16/01/2022 03:55:00,,4
3130,2543,Shipped,F,27/10/2022 09:07:00,,28/10/2022 04:41:00,,1
3136,2550,Shipped,F,13/10/2022 13:38:00,,16/10/2022 08:50:00,,3
3140,2555,Shipped,F,08/05/2023 01:10:00,,10/05/2023 23:15:00,,1
3144,2558,Shipped,F,16/08/2023 18:40:00,,18/08/2023 23:10:00,,1
3145,2559,Shipped,F,20/11/2023 00:02:00,,21/11/2023 09:29:00,,1
3157,2569,Shipped,F,30/07/2023 11:08:00,,31/07/2023 10:51:00,,2
3161,2573,Shipped,F,20/09/2023 05:23:00,,22/09/2023 10:51:00,,1
3173,2585,Shipped,F,30/01/2023 16:12:00,,31/01/2023 09:16:00,,1
3179,2589,Shipped,F,24/07/2023 02:44:00,,25/07/2023 16:13:00,,1
3182,2591,Shipped,F,14/06/2023 16:06:00,,15/06/2023 14:55:00,,2
3184,2593,Shipped,F,18/11/2023 04:35:48,,20/11/2023 14:51:48,,1
3185,2593,Shipped,F,18/11/2023 04:35:48,,18/11/2023 08:12:48,,1
3189,2595,Shipped,F,09/10/2023 17:20:00,,10/10/2023 15:49:00,,3
3215,2616,Shipped,F,22/03/2020 15:25:00,,23/03/2020 11:12:00,,1
3226,2623,Shipped,F,09/04/2023 17:43:00,,10/04/2023 07:38:00,,1