id,order_id,user_id,product_id,inventory_item_id,status,created_at,shipped_at,delivered_at,returned_at,sale_price
6161,4177,3373,13606,16690,Shipped,28/10/2023 01:37:32,29/10/2023 14:49:00,,,2.5
81002,56042,44822,13606,218478,Shipped,16/07/2021 10:30:22,14/07/2021 10:20:00,,,2.5
113120,78079,62537,13606,305183,Complete,22/09/2021 14:17:52,19/09/2021 00:00:00,22/09/2021 04:36:00,,2.5
40487,28001,22275,13606,109302,Returned,10/11/2022 06:34:13,10/11/2022 13:59:00,13/11/2022 10:52:00,14/11/2022 10:59:00,2.5
11710,8054,6481,13606,31672,Cancelled,06/11/2021 13:50:17,,,,2.5
124348,85788,68811,13606,335492,Cancelled,17/09/2023 12:14:34,,,,2.5
74471,51472,41139,13606,200871,Processing,16/08/2023 06:28:15,,,,2.5
104548,72172,57805,13606,281967,Processing,11/01/2021 12:21:01,,,,2.5
172756,119164,95477,13606,466617,Processing,12/09/2022 12:40:57,,,,2.5
9693,6636,5317,28951,26250,Shipped,20/06/2022 14:53:07,19/06/2022 17:10:00,,,3
37685,26087,20817,28951,101826,Shipped,08/07/2023 01:33:53,09/07/2023 07:47:00,,,3
43334,29977,23842,28951,117032,Shipped,14/11/2023 00:26:36,15/11/2023 03:42:00,,,3
62228,42990,34254,28951,168044,Shipped,10/10/2023 07:02:30,13/10/2023 00:12:00,,,3
119046,82119,65832,28951,321195,Complete,29/10/2023 03:49:55,29/10/2023 06:13:00,02/11/2023 22:30:00,,3
92562,63981,51194,28951,249699,Returned,22/11/2020 01:39:49,24/11/2020 06:02:00,27/11/2020 09:11:00,29/11/2020 03:49:00,3
98963,68348,54656,28951,266880,Returned,19/06/2020 22:41:23,22/06/2020 21:32:00,23/06/2020 00:53:00,23/06/2020 18:41:00,3
179040,123535,98933,28951,483564,Cancelled,27/09/2023 06:19:55,,,,3
50667,35081,27955,28951,136751,Processing,04/04/2021 03:41:44,,,,3
54509,37693,30018,28951,147199,Processing,17/10/2023 10:21:59,,,,3
24578,16990,13607,28557,66509,Shipped,04/11/2023 12:28:42,02/11/2023 15:28:00,,,3.25
55241,38191,30404,28557,149180,Returned,06/02/2023 12:49:22,05/02/2023 21:13:00,09/02/2023 20:38:00,10/02/2023 00:30:00,3.25
106651,73658,59025,28557,287644,Returned,09/01/2023 08:48:11,10/01/2023 19:16:00,12/01/2023 07:24:00,13/01/2023 11:52:00,3.25
17073,11826,9506,28557,46144,Cancelled,28/07/2022 02:27:24,,,,3.25
138727,95698,76708,28557,374412,Cancelled,12/11/2023 09:42:27,,,,3.25
137683,94994,76144,28557,371623,Processing,29/09/2023 12:02:30,,,,3.25
537,363,299,13696,1459,Shipped,13/08/2023 07:10:19,13/08/2023 04:17:00,,,3.5
6098,4128,3334,28668,16517,Shipped,28/06/2023 11:54:42,30/06/2023 01:05:00,,,3.5
42654,29525,23499,15917,115218,Shipped,22/06/2023 08:27:18,21/06/2023 20:24:00,,,3.5
48473,33499,26661,13696,130837,Shipped,09/07/2023 03:46:20,11/07/2023 09:35:00,,,3.5
48652,33626,26762,15784,131326,Shipped,05/05/2022 13:58:17,07/05/2022 15:17:00,,,3.5
74335,51376,41073,28668,200513,Shipped,03/04/2022 08:10:11,03/04/2022 05:48:00,,,3.5
94749,65471,52390,28679,255581,Shipped,22/11/2023 00:27:37,21/11/2023 03:37:00,,,3.5
105749,73012,58493,15917,285221,Shipped,10/01/2023 17:42:28,12/01/2023 14:43:00,,,3.5
138280,95398,76461,28668,373233,Shipped,21/12/2019 23:57:40,19/12/2019 15:44:00,,,3.5
141945,97913,78454,28679,383156,Shipped,02/11/2023 08:59:06,02/11/2023 11:04:00,,,3.5
143940,99248,79512,14248,388517,Shipped,22/01/2021 13:47:06,23/01/2021 11:51:00,,,3.5
153514,105838,84717,28668,414495,Shipped,05/07/2022 01:52:14,06/07/2022 03:22:00,,,3.5
37163,25730,20526,15784,100421,Complete,18/11/2023 04:26:42,20/11/2023 02:42:03,21/11/2023 06:39:03,,3.5
49337,34117,27182,15784,133169,Complete,04/11/2022 06:05:54,04/11/2022 19:29:00,06/11/2022 10:27:00,,3.5
57745,39916,31795,15917,155893,Complete,14/07/2021 09:45:18,15/07/2021 17:18:00,19/07/2021 20:48:00,,3.5
72192,49880,39862,13696,194740,Complete,08/02/2022 06:17:38,10/02/2022 16:53:00,15/02/2022 12:09:00,,3.5
82293,56943,45538,15784,221973,Complete,30/09/2021 06:30:18,28/09/2021 12:50:00,30/09/2021 20:35:00,,3.5
95086,65697,52574,13696,256493,Complete,06/05/2022 15:02:54,07/05/2022 17:23:00,11/05/2022 17:53:00,,3.5
109319,75463,60467,14248,294937,Complete,05/06/2023 10:25:14,05/06/2023 00:50:00,09/06/2023 17:27:00,,3.5
124698,86026,68998,13696,336450,Complete,20/05/2021 11:21:24,22/05/2021 05:00:00,26/05/2021 13:45:00,,3.5
164313,113349,90794,28668,443714,Complete,27/09/2022 03:45:39,27/09/2022 07:30:00,01/10/2022 07:32:00,,3.5
148605,102429,82052,28679,401176,Returned,10/10/2022 07:06:34,11/10/2022 23:22:00,12/10/2022 06:04:00,15/10/2022 04:29:00,3.5
163753,112954,90488,28668,442195,Returned,22/12/2022 00:01:43,22/12/2022 14:20:00,27/12/2022 13:26:00,29/12/2022 01:43:00,3.5
175902,121342,97148,15784,475056,Returned,27/02/2022 15:47:38,02/03/2022 07:28:00,05/03/2022 09:42:00,08/03/2022 07:54:00,3.5
6349,4313,3478,28668,17203,Cancelled,06/06/2023 11:57:15,,,,3.5
9351,6392,5137,15917,25328,Cancelled,17/11/2023 10:13:17,,,,3.5
46792,32365,25735,15419,126301,Cancelled,02/08/2023 07:02:43,,,,3.5
59734,41286,32893,28668,161260,Cancelled,22/04/2023 03:52:25,,,,3.5
93862,64875,51910,14248,253167,Cancelled,29/09/2022 12:35:20,,,,3.5
122620,84601,67860,14248,330803,Cancelled,27/09/2023 00:59:22,,,,3.5
126661,87381,70084,14248,341756,Cancelled,24/09/2019 22:53:16,,,,3.5
156628,108028,86496,13696,422893,Cancelled,17/10/2023 10:01:15,,,,3.5
6835,4667,3771,15784,18518,Processing,06/05/2022 11:38:33,,,,3.5
6988,4757,3831,15784,18935,Processing,19/04/2023 02:26:47,,,,3.5
20767,14356,11491,15419,56164,Processing,25/07/2021 14:28:02,,,,3.5
27563,19080,15273,13696,74507,Processing,19/05/2020 14:36:42,,,,3.5
42423,29352,23361,14248,114598,Processing,24/05/2023 15:13:30,,,,3.5
60974,42129,33561,28668,164637,Processing,26/10/2023 20:42:54,,,,3.5
69128,47780,38100,14248,186534,Processing,28/09/2022 07:04:41,,,,3.5
77781,53794,42979,15917,209848,Processing,21/01/2022 11:11:07,,,,3.5
100587,69481,55573,15784,271284,Processing,15/05/2020 13:17:28,,,,3.5
113757,78518,62896,14248,306879,Processing,14/03/2020 09:10:58,,,,3.5
152566,105186,84209,15784,411923,Processing,30/03/2022 11:50:17,,,,3.5
178861,123408,98814,28679,483078,Processing,18/04/2023 02:45:59,,,,3.5
129303,89196,71534,12602,348888,Shipped,03/05/2020 10:45:43,02/05/2020 11:55:00,,,3.75
9848,6746,5399,12602,26681,Processing,08/10/2022 00:38:41,,,,3.75
51915,35944,28646,12602,140153,Processing,22/11/2023 04:20:15,,,,3.75
172361,118904,95261,12602,465522,Processing,01/06/2020 13:41:34,,,,3.75
120462,83119,66621,12667,325021,Shipped,21/04/2023 06:36:19,21/04/2023 14:06:00,,,4
135749,93689,75115,12667,366377,Shipped,03/09/2023 06:15:43,03/09/2023 22:20:00,,,4
90801,62756,50191,12667,244968,Complete,09/05/2022 23:06:59,07/05/2022 15:50:00,09/05/2022 18:51:00,,4
175150,120819,96738,12667,473032,Complete,20/05/2022 14:49:23,21/05/2022 15:32:00,25/05/2022 21:30:00,,4
85547,59174,47341,25265,230741,Shipped,11/07/2022 00:09:26,11/07/2022 02:02:00,,,4.5
86142,59579,47653,25265,232361,Shipped,02/06/2022 15:26:13,04/06/2022 13:39:00,,,4.5
101097,69809,55854,24922,272661,Shipped,21/06/2023 11:44:43,21/06/2023 11:00:00,,,4.5
112320,77539,62118,24922,303032,Shipped,07/08/2022 00:14:29,06/08/2022 10:39:00,,,4.5
118026,81444,65292,25265,318459,Shipped,10/08/2021 23:31:38,12/08/2021 17:12:00,,,4.5
144208,99429,79657,28370,389258,Shipped,27/02/2020 07:02:47,01/03/2020 01:43:00,,,4.5
168163,115990,92896,28370,454132,Shipped,24/06/2023 17:00:05,25/06/2023 13:59:00,,,4.5
171763,118495,94940,28370,463901,Shipped,02/10/2023 04:26:04,04/10/2023 02:01:00,,,4.5
2313,1569,1279,28370,6285,Complete,22/05/2022 06:34:09,21/05/2022 13:47:00,25/05/2022 17:56:00,,4.5
3774,2542,2037,28370,10259,Complete,15/05/2023 06:21:57,14/05/2023 00:26:00,16/05/2023 01:26:00,,4.5
31714,21919,17566,28370,85679,Complete,04/11/2022 04:28:20,05/11/2022 23:07:00,06/11/2022 17:14:00,,4.5
85219,58944,47171,24922,229855,Complete,29/04/2022 05:09:50,30/04/2022 13:46:00,04/05/2022 18:01:00,,4.5
111438,76904,61626,25265,300692,Complete,31/03/2023 23:55:30,02/04/2023 02:26:00,05/04/2023 07:35:00,,4.5
112696,77794,62341,28370,304041,Complete,20/08/2021 05:44:41,20/08/2021 12:54:00,23/08/2021 20:30:00,,4.5
137264,94703,75917,25265,370490,Complete,03/08/2023 14:56:29,03/08/2023 23:39:00,05/08/2023 01:24:00,,4.5
144157,99396,79631,28370,389123,Complete,25/04/2023 09:23:41,27/04/2023 05:41:00,30/04/2023 10:42:00,,4.5
160580,110748,88655,28370,433644,Complete,28/03/2023 06:13:52,29/03/2023 03:29:00,02/04/2023 13:57:00,,4.5
14878,10285,8260,25265,40230,Cancelled,30/07/2023 12:32:47,,,,4.5
46737,32328,25709,24922,126154,Cancelled,23/07/2023 04:50:40,,,,4.5
174872,120626,96588,28370,472300,Cancelled,02/08/2023 01:18:32,,,,4.5
14755,10197,8192,24922,39901,Processing,10/02/2023 10:49:25,,,,4.5
47101,32575,25911,28370,127138,Processing,13/04/2022 09:24:45,,,,4.5
133018,91783,73583,28370,358957,Processing,16/09/2023 07:58:48,,,,4.5
139854,96485,77308,24922,377496,Processing,14/09/2023 02:27:26,,,,4.5
168114,115956,92869,24922,454002,Processing,29/03/2023 15:03:24,,,,4.5
12284,8443,6776,28992,33228,Shipped,11/09/2023 10:36:05,12/09/2023 13:54:00,,,5
13455,9274,7449,16949,36415,Shipped,29/03/2023 16:05:34,28/03/2023 10:27:00,,,5
48659,33631,26767,24793,131342,Shipped,26/01/2023 06:29:13,27/01/2023 11:16:00,,,5
81970,56716,45345,24793,221114,Shipped,08/06/2023 02:27:07,05/06/2023 23:26:00,,,5
101326,69964,55967,16949,273275,Shipped,13/11/2023 07:12:14,14/11/2023 21:38:00,,,5
110431,76221,61093,18719,297945,Shipped,23/10/2021 14:45:52,24/10/2021 11:13:00,,,5
110847,76504,61324,9002,299066,Shipped,21/12/2022 01:30:17,21/12/2022 23:26:00,,,5
117236,80915,64830,28992,316339,Shipped,28/04/2022 17:57:50,30/04/2022 02:50:00,,,5
126382,87197,69936,28992,341001,Shipped,28/07/2023 08:01:02,25/07/2023 00:18:00,,,5
127992,88280,70810,24793,345327,Shipped,07/03/2022 10:43:22,06/03/2022 18:20:00,,,5
130214,89846,72090,11016,351384,Shipped,19/08/2023 15:35:40,15/08/2023 17:08:00,,,5
137817,95084,76217,9002,371982,Shipped,30/05/2023 15:42:48,27/05/2023 14:36:00,,,5
147606,101756,81510,11016,398464,Shipped,27/10/2023 04:52:53,25/10/2023 23:30:00,,,5
162746,112245,89908,9002,439476,Shipped,02/08/2020 03:09:05,03/08/2020 04:18:00,,,5
165082,113850,91200,18719,445798,Shipped,17/10/2023 01:46:17,18/10/2023 05:10:00,,,5
8689,5932,4756,28992,23551,Complete,18/01/2023 10:51:54,19/01/2023 00:18:00,20/01/2023 05:02:00,,5
15887,10973,8793,9002,42978,Complete,09/06/2021 13:10:58,05/06/2021 19:09:00,06/06/2021 01:24:00,,5
21410,14801,11829,16949,57914,Complete,03/09/2023 12:38:58,04/09/2023 00:37:00,05/09/2023 03:34:00,,5
40982,28354,22557,11016,110670,Complete,02/03/2023 04:07:06,27/02/2023 18:22:00,27/02/2023 18:56:00,,5
44310,30632,24371,16949,119633,Complete,13/10/2021 02:18:44,14/10/2021 14:05:00,19/10/2021 06:37:00,,5
73834,51018,40790,9002,199131,Complete,15/08/2021 16:42:48,13/08/2021 19:09:00,18/08/2021 00:24:00,,5
77815,53816,42996,9002,209941,Complete,16/01/2023 13:10:00,17/01/2023 10:41:00,17/01/2023 21:18:00,,5
79131,54738,43734,11016,213458,Complete,29/08/2022 02:39:25,29/08/2022 16:26:00,02/09/2022 08:39:00,,5
175471,121049,96919,16949,473885,Complete,04/05/2022 05:12:06,06/05/2022 06:08:00,07/05/2022 06:52:00,,5
179417,123800,99136,18719,484576,Returned,18/09/2023 14:11:08,20/09/2023 00:23:00,24/09/2023 23:40:00,26/09/2023 08:22:00,5
102959,71083,56927,16949,277631,Cancelled,07/07/2022 12:14:58,,,,5
105478,72826,58332,28992,284464,Cancelled,30/10/2019 00:09:01,,,,5
958,646,540,24793,2600,Processing,18/10/2023 02:43:08,,,,5
4596,3088,2505,9002,12446,Processing,03/04/2022 14:04:25,,,,5
52055,36036,28708,16949,140535,Processing,03/01/2023 21:33:48,,,,5
75649,52290,41779,18719,204063,Processing,19/12/2022 14:15:51,,,,5
111187,76735,61487,9002,300011,Processing,22/08/2021 23:13:07,,,,5
122521,84528,67793,24793,330555,Processing,28/05/2021 22:56:24,,,,5
145918,100613,80600,28992,393892,Processing,01/11/2021 11:53:16,,,,5
8512,5805,4643,9380,23071,Shipped,31/08/2022 23:32:24,03/09/2022 09:19:00,,,5.5
40727,28176,22406,6250,109967,Shipped,15/07/2023 04:11:00,17/07/2023 08:26:00,,,5.5
122306,84374,67665,9380,329965,Shipped,17/06/2022 07:42:09,17/06/2022 10:12:00,,,5.5
134014,92470,74119,9380,361698,Shipped,04/11/2021 13:46:53,04/11/2021 14:39:00,,,5.5
140878,97181,77858,9085,380242,Complete,22/11/2023 00:39:32,21/11/2023 16:48:08,24/11/2023 09:25:08,,5.5
77798,53804,42988,9380,209893,Returned,04/11/2023 01:37:23,03/11/2023 07:36:00,04/11/2023 03:28:00,04/11/2023 15:53:00,5.5
14609,10100,8122,9085,39518,Cancelled,15/09/2023 03:22:51,,,,5.5
87884,60774,48601,6250,237122,Cancelled,23/06/2023 09:51:16,,,,5.5
178135,122910,98403,9085,481110,Processing,11/08/2023 05:46:34,,,,5.5
236,152,114,11029,646,Shipped,22/03/2021 00:17:54,22/03/2021 09:04:00,,,6
1178,792,650,13601,3191,Shipped,12/10/2022 08:25:16,11/10/2022 11:25:00,,,6
10457,7170,5770,12539,28307,Shipped,06/05/2022 14:37:02,06/05/2022 06:55:00,,,6
16726,11581,9289,13616,45219,Shipped,24/02/2023 02:32:40,26/02/2023 05:51:00,,,6
21152,14619,11689,24856,57211,Shipped,04/05/2023 10:48:21,05/05/2023 01:46:00,,,6
28582,19764,15809,28785,77264,Shipped,22/02/2022 08:16:08,23/02/2022 04:44:00,,,6
40194,27813,22136,12572,108529,Shipped,30/12/2022 05:05:58,27/12/2022 11:54:00,,,6
45529,31486,25042,12572,122927,Shipped,10/09/2023 07:09:00,10/09/2023 20:01:00,,,6
46719,32316,25696,9303,126102,Shipped,25/02/2022 00:24:34,24/02/2022 17:54:00,,,6
48873,33786,26893,13973,131914,Shipped,16/02/2022 04:21:20,14/02/2022 20:42:00,,,6
52491,36337,28931,15878,141704,Shipped,24/09/2022 03:23:57,26/09/2022 02:52:00,,,6
54350,37590,29938,13973,146764,Shipped,04/04/2023 10:13:50,07/04/2023 06:44:00,,,6
55177,38150,30374,12702,148996,Shipped,24/02/2022 14:49:28,25/02/2022 15:59:00,,,6
57266,39572,31512,13616,154619,Shipped,30/08/2021 10:20:25,29/08/2021 23:18:00,,,6
62734,43355,34579,15878,169404,Shipped,24/07/2023 09:33:21,26/07/2023 14:36:00,,,6
65598,45313,36131,12539,177092,Shipped,19/11/2023 12:26:11,19/11/2023 22:04:13,,,6
73234,50607,40446,5955,197531,Shipped,26/06/2023 02:32:46,26/06/2023 08:04:00,,,6
81566,56437,45115,11029,219996,Shipped,19/11/2023 07:15:38,20/11/2023 07:23:00,,,6
88797,61389,49071,15878,239538,Shipped,14/04/2022 22:43:55,16/04/2022 05:45:00,,,6
98287,67888,54290,15667,265075,Shipped,28/01/2022 01:00:24,29/01/2022 02:47:00,,,6
100456,69393,55506,12551,270941,Shipped,04/02/2020 08:24:15,02/02/2020 11:32:00,,,6
103539,71493,57254,12539,279210,Shipped,14/09/2022 15:04:10,17/09/2022 02:12:00,,,6
107257,74056,59347,9414,289302,Shipped,19/08/2019 05:40:20,21/08/2019 08:10:00,,,6
117506,81091,64976,12533,317066,Shipped,09/09/2023 01:05:19,07/09/2023 16:09:00,,,6
122325,84387,67677,15260,330016,Shipped,03/11/2023 14:30:17,05/11/2023 18:41:00,,,6
129941,89643,71922,24856,350639,Shipped,12/03/2021 14:34:21,14/03/2021 07:14:00,,,6
135952,93814,75205,8987,366937,Shipped,08/03/2022 08:52:16,11/03/2022 02:10:00,,,6
147266,101523,81314,13973,397549,Shipped,12/08/2022 05:48:50,14/08/2022 01:54:00,,,6
154574,106586,85316,15667,417365,Shipped,20/03/2021 02:27:29,20/03/2021 06:16:00,,,6
154731,106697,85412,13840,417792,Shipped,15/01/2022 11:51:46,14/01/2022 05:06:00,,,6
163206,112572,90185,15667,440709,Shipped,08/11/2023 08:39:19,11/11/2023 07:59:00,,,6
166767,115023,92135,24856,450330,Shipped,08/10/2022 17:39:45,09/10/2022 21:17:00,,,6
168800,116438,93245,15878,455853,Shipped,19/11/2023 11:05:57,20/11/2023 14:52:00,,,6
175002,120716,96654,5955,472638,Shipped,21/04/2021 01:56:06,20/04/2021 18:54:00,,,6
175812,121283,97104,5955,474811,Shipped,18/07/2022 13:58:54,21/07/2022 12:19:00,,,6
176810,121997,97668,5955,477493,Shipped,16/04/2022 09:27:13,17/04/2022 16:08:00,,,6
178729,123322,98742,11029,482714,Shipped,29/08/2023 23:22:50,28/08/2023 06:47:00,,,6
3474,2334,1885,12572,9444,Complete,05/03/2023 10:16:11,06/03/2023 04:54:00,06/03/2023 09:54:00,,6
4847,3253,2642,12539,13131,Complete,05/06/2022 12:28:25,05/06/2022 18:34:00,05/06/2022 23:21:00,,6
4996,3359,2716,12539,13536,Complete,12/11/2023 13:46:41,13/11/2023 04:00:00,16/11/2023 19:41:00,,6
7160,4874,3934,15667,19390,Complete,23/05/2023 09:17:27,24/05/2023 23:07:00,28/05/2023 04:23:00,,6
7206,4906,3957,12539,19515,Complete,10/06/2022 10:37:52,09/06/2022 08:03:00,13/06/2022 10:28:00,,6
10286,7050,5652,12551,27850,Complete,08/12/2022 14:54:43,10/12/2022 05:47:00,12/12/2022 17:43:00,,6
10362,7104,5707,12539,28057,Complete,26/03/2022 05:26:29,29/03/2022 07:14:00,29/03/2022 20:09:00,,6
13912,9608,7718,15260,37657,Complete,21/02/2023 15:03:34,23/02/2023 03:22:00,23/02/2023 11:25:00,,6
16512,11427,9167,15667,44652,Complete,05/10/2023 23:43:27,08/10/2023 01:20:00,11/10/2023 15:09:00,,6
18931,13087,10501,12551,51197,Complete,24/11/2021 22:41:37,26/11/2021 12:19:00,29/11/2021 05:02:00,,6
21102,14582,11663,13973,57070,Complete,16/03/2023 00:12:38,17/03/2023 22:51:00,21/03/2023 16:49:00,,6
25900,17898,14318,5955,70049,Complete,10/04/2020 02:32:16,11/04/2020 03:56:00,14/04/2020 20:07:00,,6
39510,27334,21777,11029,106674,Complete,29/09/2023 23:04:29,01/10/2023 00:51:00,03/10/2023 12:34:00,,6
39771,27523,21921,13840,107371,Complete,29/07/2023 03:47:17,30/07/2023 15:03:00,04/08/2023 11:20:00,,6
53380,36940,29442,12702,144146,Complete,21/03/2020 12:53:53,22/03/2020 11:22:00,22/03/2020 18:04:00,,6
64556,44602,35558,11029,174305,Complete,23/06/2021 15:16:38,23/06/2021 22:12:00,28/06/2021 10:28:00,,6
66097,45660,36400,24856,178438,Complete,09/10/2022 12:39:56,09/10/2022 09:11:00,09/10/2022 15:44:00,,6
70712,48854,38981,13601,190820,Complete,26/04/2022 13:55:08,27/04/2022 04:39:00,29/04/2022 02:09:00,,6
86811,60029,48022,15878,234200,Complete,17/12/2022 01:36:31,19/12/2022 18:17:00,22/12/2022 05:43:00,,6
90067,62257,49778,24856,242978,Complete,03/02/2022 00:40:54,03/02/2022 07:55:00,05/02/2022 15:42:00,,6
118413,81695,65495,9303,319500,Complete,01/01/2022 05:40:35,30/12/2021 19:42:00,31/12/2021 13:42:00,,6
123124,84958,68150,12539,332184,Complete,18/02/2023 16:30:55,15/02/2023 23:43:00,17/02/2023 16:51:00,,6
131624,90796,72808,15667,355175,Complete,13/11/2023 04:41:34,14/11/2023 14:43:00,18/11/2023 00:36:00,,6
131782,90912,72895,11029,355599,Complete,06/09/2023 05:33:32,06/09/2023 04:33:00,10/09/2023 17:56:00,,6
132904,91703,73510,12533,358642,Complete,12/05/2022 15:59:31,10/05/2022 02:38:00,12/05/2022 05:41:00,,6
137852,95106,76227,8987,372081,Complete,10/12/2021 04:23:00,09/12/2021 23:41:00,13/12/2021 10:49:00,,6
144506,99649,79826,9303,390049,Complete,17/01/2023 10:36:00,14/01/2023 09:08:00,19/01/2023 02:00:00,,6
161906,111667,89425,12702,437235,Complete,26/05/2022 11:50:41,27/05/2022 06:24:00,28/05/2022 12:53:00,,6
163430,112721,90312,12572,441319,Complete,04/11/2023 00:44:02,05/11/2023 14:43:00,07/11/2023 07:07:00,,6
180064,124245,99518,13601,486290,Complete,01/08/2023 08:04:12,03/08/2023 02:42:00,07/08/2023 00:59:00,,6
1345,911,744,12572,3635,Returned,09/03/2023 18:55:12,10/03/2023 20:58:00,12/03/2023 00:00:00,14/03/2023 19:12:00,6
1890,1287,1042,13616,5119,Returned,06/06/2021 06:01:58,07/06/2021 11:51:00,08/06/2021 10:32:00,09/06/2021 07:30:00,6
32508,22485,18008,9414,87847,Returned,29/11/2022 10:35:58,30/11/2022 12:49:00,04/12/2022 14:23:00,07/12/2022 13:02:00,6
53088,36734,29267,11029,143334,Returned,09/11/2021 16:44:09,08/11/2021 06:50:00,10/11/2021 10:07:00,11/11/2021 13:43:00,6
67946,46954,37429,5955,183416,Returned,27/05/2023 12:28:29,29/05/2023 02:31:00,31/05/2023 11:11:00,03/06/2023 07:27:00,6
84176,58232,46591,12533,227036,Returned,10/08/2021 00:49:05,10/08/2021 03:23:00,11/08/2021 11:59:00,14/08/2021 09:28:00,6
86227,59636,47690,24856,232607,Returned,26/01/2022 18:43:45,28/01/2022 22:36:00,01/02/2022 03:21:00,02/02/2022 01:09:00,6
104749,72318,57921,13973,282498,Returned,10/12/2021 10:34:28,07/12/2021 20:46:00,08/12/2021 13:23:00,10/12/2021 06:52:00,6
122113,84247,67558,8987,329437,Returned,03/02/2023 04:38:32,31/01/2023 11:37:00,03/02/2023 16:31:00,03/02/2023 20:07:00,6
124100,85619,68677,8987,334813,Returned,12/07/2021 06:25:46,12/07/2021 20:36:00,14/07/2021 10:45:00,15/07/2021 05:18:00,6
130492,90023,72224,13973,352151,Returned,27/11/2022 06:30:05,27/11/2022 01:04:00,27/11/2022 08:42:00,27/11/2022 17:26:00,6
131342,90601,72661,15667,354416,Returned,07/11/2023 16:44:25,07/11/2023 22:16:00,12/11/2023 14:06:00,13/11/2023 19:30:00,6
135475,93493,74969,15260,365643,Returned,12/07/2021 11:24:43,14/07/2021 05:35:00,14/07/2021 20:38:00,16/07/2021 15:19:00,6
155634,107337,85940,28785,420231,Returned,05/07/2023 02:25:57,03/07/2023 22:56:00,05/07/2023 10:42:00,05/07/2023 20:36:00,6
168042,115903,92829,15260,453805,Returned,14/01/2023 23:32:24,14/01/2023 00:39:00,17/01/2023 03:48:00,17/01/2023 13:36:00,6
169731,117102,93791,9414,458395,Returned,23/11/2023 09:29:54,21/11/2023 20:54:15,23/11/2023 19:39:15,26/11/2023 10:50:15,6
4140,2786,2250,24856,11228,Cancelled,27/09/2023 06:20:33,,,,6
11933,8202,6587,12533,32277,Cancelled,22/11/2023 12:33:22,,,,6
14035,9700,7781,12702,37995,Cancelled,04/05/2023 03:59:44,,,,6
20886,14435,11556,12551,56489,Cancelled,09/11/2022 11:00:46,,,,6
27320,18904,15138,15667,73850,Cancelled,02/10/2022 07:18:17,,,,6
27715,19192,15355,12702,74936,Cancelled,10/02/2023 06:19:14,,,,6
35553,24625,19650,12539,96070,Cancelled,21/06/2021 00:26:29,,,,6
39653,27435,21858,15260,107052,Cancelled,10/03/2022 11:12:14,,,,6
48937,33826,26933,12702,132086,Cancelled,17/08/2023 03:49:59,,,,6
49732,34413,27431,9414,134239,Cancelled,14/12/2022 08:19:50,,,,6
57147,39490,31448,15667,154304,Cancelled,03/11/2023 04:32:36,,,,6
59370,41033,32681,13840,160282,Cancelled,02/02/2023 13:13:02,,,,6
59794,41323,32917,13840,161413,Cancelled,23/08/2021 04:12:40,,,,6
62925,43489,34689,9414,169933,Cancelled,27/07/2022 21:03:34,,,,6
69891,48286,38517,9414,188614,Cancelled,27/10/2022 00:12:25,,,,6
100065,69114,55268,12533,269893,Cancelled,22/04/2021 06:14:49,,,,6
118691,81882,65645,13840,320250,Cancelled,19/11/2023 06:03:05,,,,6
164214,113277,90737,13840,443442,Cancelled,28/12/2022 06:03:12,,,,6
171419,118263,94746,24856,462970,Cancelled,09/02/2023 04:42:45,,,,6
11666,8030,6462,9303,31554,Processing,26/10/2022 16:43:12,,,,6
18069,12513,10050,8987,48826,Processing,04/09/2023 09:41:51,,,,6
22169,15319,12236,8987,59978,Processing,04/06/2023 05:38:00,,,,6
76742,53056,42391,13601,207029,Processing,17/07/2023 11:50:58,,,,6
81113,56119,44887,15878,218773,Processing,14/04/2022 03:28:25,,,,6
88604,61256,48964,13973,239033,Processing,30/11/2022 14:30:48,,,,6
97631,67437,53929,15667,263338,Processing,23/12/2021 13:51:35,,,,6
99832,68950,55139,12533,269236,Processing,02/04/2023 07:09:44,,,,6
121971,84145,67475,12551,329058,Processing,01/10/2020 11:07:23,,,,6
123669,85328,68440,15260,333674,Processing,24/08/2020 14:40:15,,,,6
125681,86709,69547,8987,339125,Processing,19/11/2022 14:18:50,,,,6
128481,88629,71095,28785,346643,Processing,20/09/2023 14:00:10,,,,6
130544,90060,72255,11029,352288,Processing,07/10/2023 08:12:48,,,,6
148336,102255,81914,13616,400454,Processing,10/09/2020 12:45:06,,,,6
157802,108858,87149,12702,426099,Processing,18/01/2021 23:52:08,,,,6
164184,113254,90716,24856,443358,Processing,02/03/2022 13:47:37,,,,6
168481,116212,93069,12702,454982,Processing,01/02/2022 01:22:07,,,,6
175733,121233,97070,13973,474602,Processing,24/11/2021 01:06:57,,,,6
177979,122808,98325,9303,480682,Processing,01/07/2022 01:02:27,,,,6
12976,8932,7174,13842,35096,Shipped,01/07/2021 06:05:57,29/06/2021 16:38:00,,,6.25
36785,25466,20318,13842,99410,Shipped,28/02/2023 10:26:29,01/03/2023 17:01:00,,,6.25
53514,37030,29521,13842,144522,Shipped,20/10/2023 05:31:52,23/10/2023 07:41:00,,,6.25
60755,41970,33439,28714,164030,Shipped,09/11/2022 02:43:57,10/11/2022 16:47:00,,,6.25
85757,59319,47474,28714,231314,Shipped,15/11/2022 09:39:11,13/11/2022 19:27:00,,,6.25
99459,68689,54929,15674,268231,Shipped,11/09/2023 06:34:38,13/09/2023 15:21:00,,,6.25
114162,78799,63127,13842,308002,Shipped,18/03/2021 14:38:11,18/03/2021 22:12:00,,,6.25
13725,9469,7603,28714,37150,Complete,30/08/2023 23:47:32,02/09/2023 22:35:00,07/09/2023 01:19:00,,6.25
26662,18446,14727,28714,72091,Complete,13/11/2020 01:28:23,13/11/2020 23:52:00,14/11/2020 11:00:00,,6.25
86736,59978,47979,13842,233996,Complete,20/03/2022 04:40:24,21/03/2022 18:49:00,25/03/2022 10:42:00,,6.25
173307,119544,95758,28714,468100,Complete,15/03/2023 06:12:03,17/03/2023 14:08:00,18/03/2023 05:58:00,,6.25
21257,14687,11746,15674,57504,Cancelled,30/10/2023 14:47:19,,,,6.25
23978,16567,13259,15674,64896,Cancelled,23/11/2023 02:30:29,,,,6.25
25088,17346,13889,15674,67866,Cancelled,29/08/2023 11:03:41,,,,6.25
46940,32465,25820,13842,126694,Cancelled,20/07/2022 03:40:51,,,,6.25
62559,43225,34462,13842,168932,Cancelled,09/04/2022 14:01:14,,,,6.25
87057,60201,48163,15674,234882,Processing,17/11/2022 15:54:02,,,,6.25
96347,66573,53259,15674,259864,Processing,26/09/2023 06:00:08,,,,6.25
130288,89896,72133,13842,351591,Processing,26/02/2023 01:18:22,,,,6.25
2981,2007,1634,9201,8106,Shipped,28/09/2023 12:02:02,01/10/2023 05:30:00,,,6.5
12789,8800,7063,24572,34582,Shipped,25/08/2023 15:40:08,26/08/2023 02:40:00,,,6.5
14714,10170,8173,9254,39800,Shipped,24/10/2019 12:30:52,24/10/2019 02:09:00,,,6.5
22812,15747,12606,9161,61716,Shipped,01/09/2023 02:26:05,01/09/2023 06:43:00,,,6.5
33282,23024,18412,9240,89933,Shipped,18/11/2020 22:23:00,18/11/2020 01:36:00,,,6.5
38624,26740,21344,9430,104301,Shipped,25/04/2021 14:07:20,25/04/2021 08:34:00,,,6.5
40084,27735,22079,9051,108210,Shipped,23/09/2023 15:13:53,24/09/2023 21:28:00,,,6.5
40347,27915,22206,9407,108940,Shipped,28/10/2023 16:14:40,27/10/2023 15:00:00,,,6.5
45330,31347,24939,9430,122386,Shipped,11/07/2023 11:51:18,13/07/2023 09:23:00,,,6.5
49545,34274,27327,9240,133732,Shipped,16/05/2022 06:31:34,17/05/2022 14:53:00,,,6.5
57692,39876,31761,6243,155757,Shipped,24/07/2023 05:46:12,24/07/2023 01:23:00,,,6.5
63540,43905,35002,9201,171574,Shipped,11/08/2022 13:30:23,13/08/2022 11:31:00,,,6.5
64732,44714,35650,24954,174758,Shipped,14/11/2023 02:42:15,12/11/2023 20:29:00,,,6.5
82109,56811,45418,24954,221478,Shipped,01/04/2023 03:29:30,31/03/2023 03:48:00,,,6.5
83939,58070,46451,9464,226409,Shipped,17/11/2023 00:29:12,17/11/2023 14:00:00,,,6.5
86850,60061,48043,9464,234309,Shipped,23/02/2023 07:10:47,26/02/2023 04:21:00,,,6.5
96990,67005,53585,9240,261603,Shipped,31/01/2023 22:57:21,01/02/2023 02:05:00,,,6.5
98049,67712,54151,9347,264433,Shipped,13/05/2022 11:06:58,16/05/2022 10:01:00,,,6.5
105793,73044,58523,9464,285347,Shipped,10/11/2023 03:55:26,11/11/2023 08:43:00,,,6.5
117294,80950,64862,24572,316501,Shipped,27/02/2022 01:38:42,27/02/2022 15:29:00,,,6.5
117578,81138,65020,28790,317258,Shipped,20/07/2020 01:49:53,19/07/2020 11:16:00,,,6.5
119898,82733,66311,6243,323492,Shipped,06/09/2023 09:02:43,05/09/2023 23:55:00,,,6.5
123759,85383,68490,9294,333915,Shipped,13/06/2023 07:25:07,10/06/2023 18:44:00,,,6.5
125392,86508,69378,6243,338346,Shipped,05/10/2023 07:45:13,06/10/2023 09:39:00,,,6.5
137217,94667,75892,9294,370355,Shipped,05/05/2020 09:09:04,07/05/2020 23:29:00,,,6.5
162842,112314,89968,9430,439731,Shipped,14/01/2023 22:58:43,11/01/2023 20:56:00,,,6.5
163017,112441,90081,9240,440189,Shipped,12/01/2023 13:59:46,09/01/2023 01:58:00,,,6.5
174808,120577,96545,24572,472135,Shipped,20/03/2021 12:01:40,22/03/2021 23:05:00,,,6.5
175149,120818,96738,9161,473030,Shipped,26/02/2023 14:23:12,26/02/2023 23:31:00,,,6.5
7586,5170,4167,9407,20547,Complete,13/06/2020 23:33:26,14/06/2020 20:13:00,17/06/2020 02:56:00,,6.5
22723,15687,12549,18229,61474,Complete,13/05/2021 00:53:25,13/05/2021 14:25:00,14/05/2021 11:40:00,,6.5
26147,18074,14443,9294,70707,Complete,12/10/2023 04:43:35,12/10/2023 11:45:00,13/10/2023 15:44:00,,6.5
27287,18877,15114,9201,73761,Complete,08/03/2023 00:40:41,07/03/2023 04:30:00,08/03/2023 17:04:00,,6.5
33988,23525,18815,6243,91839,Complete,23/03/2022 11:23:01,25/03/2022 13:41:00,26/03/2022 10:14:00,,6.5
35840,24817,19808,24572,96843,Complete,27/08/2022 02:28:54,28/08/2022 22:59:00,02/09/2022 15:36:00,,6.5
57021,39412,31390,9201,153965,Complete,24/10/2023 17:09:00,26/10/2023 11:03:00,30/10/2023 23:00:00,,6.5
66150,45692,36422,9161,178583,Complete,22/11/2021 23:21:29,22/11/2021 21:20:00,25/11/2021 14:53:00,,6.5
67703,46792,37306,24954,182757,Complete,28/04/2023 11:14:20,30/04/2023 17:48:00,05/05/2023 06:09:00,,6.5
74590,51552,41192,9254,201194,Complete,17/10/2020 17:41:31,17/10/2020 10:32:00,17/10/2020 23:51:00,,6.5
78330,54172,43280,9299,211331,Complete,20/11/2023 14:51:21,21/11/2023 06:09:28,25/11/2023 15:13:28,,6.5
81508,56393,45084,9254,219851,Complete,25/04/2022 13:38:14,26/04/2022 22:37:00,30/04/2022 14:59:00,,6.5
83501,57768,46223,24954,225246,Complete,29/01/2023 14:55:17,27/01/2023 00:09:00,30/01/2023 03:36:00,,6.5
85108,58872,47112,9051,229551,Complete,18/10/2023 23:11:42,21/10/2023 19:39:00,26/10/2023 06:19:00,,6.5
85427,59090,47286,18229,230410,Complete,21/11/2022 05:27:00,22/11/2022 18:17:00,23/11/2022 22:19:00,,6.5
96117,66417,53144,9254,259238,Complete,14/07/2021 23:23:51,14/07/2021 20:24:00,18/07/2021 18:07:00,,6.5
111856,77196,61864,9294,301789,Complete,21/05/2023 08:14:14,21/05/2023 15:50:00,21/05/2023 22:19:00,,6.5
123971,85529,68605,9407,334481,Complete,25/10/2023 14:38:55,26/10/2023 19:22:00,29/10/2023 06:58:00,,6.5
127277,87791,70415,9299,343396,Complete,05/04/2023 21:55:39,07/04/2023 06:12:00,09/04/2023 12:53:00,,6.5
130151,89802,72054,18229,351211,Complete,16/04/2023 12:39:42,17/04/2023 16:23:00,21/04/2023 05:54:00,,6.5
147551,101719,81476,6243,398320,Complete,25/03/2022 03:16:02,25/03/2022 04:55:00,30/03/2022 00:53:00,,6.5
150905,104012,83273,9464,407417,Complete,24/04/2022 10:58:27,25/04/2022 07:42:00,25/04/2022 11:39:00,,6.5
160598,110760,88668,9430,433690,Complete,29/07/2021 14:05:51,30/07/2021 14:33:00,03/08/2021 01:58:00,,6.5
163303,112640,90239,9240,440979,Complete,11/03/2023 12:45:55,12/03/2023 17:12:00,13/03/2023 00:56:00,,6.5
168759,116414,93228,6243,455747,Complete,06/01/2022 16:12:41,05/01/2022 03:28:00,05/01/2022 17:50:00,,6.5
169355,116847,93574,9464,457373,Complete,10/07/2023 07:35:07,13/07/2023 04:21:00,16/07/2023 11:52:00,,6.5
171058,118006,94528,24954,461996,Complete,08/07/2023 10:21:18,11/07/2023 04:59:00,14/07/2023 01:04:00,,6.5
174018,120026,96118,24572,470028,Complete,16/08/2022 05:03:04,15/08/2022 17:59:00,20/08/2022 11:21:00,,6.5
174160,120122,96193,9201,470408,Complete,07/12/2021 11:45:00,06/12/2021 18:15:00,07/12/2021 22:26:00,,6.5
592,399,333,9294,1605,Returned,04/10/2022 06:09:41,03/10/2022 19:15:00,07/10/2022 19:18:00,08/10/2022 19:49:00,6.5
15311,10574,8476,18229,41410,Returned,13/03/2023 05:23:46,14/03/2023 00:35:00,14/03/2023 13:32:00,14/03/2023 21:52:00,6.5
18194,12595,10113,9161,49173,Returned,08/07/2020 05:13:57,07/07/2020 19:54:00,07/07/2020 22:44:00,10/07/2020 09:58:00,6.5
26015,17984,14380,28790,70353,Returned,07/08/2023 06:20:49,07/08/2023 19:02:00,09/08/2023 03:35:00,10/08/2023 07:39:00,6.5
69782,48209,38454,24572,188321,Returned,11/10/2021 14:24:42,14/10/2021 07:28:00,18/10/2021 13:42:00,19/10/2021 10:36:00,6.5
70640,48811,38943,9161,190628,Returned,25/10/2022 22:59:00,26/10/2022 06:05:00,30/10/2022 17:05:00,01/11/2022 15:57:00,6.5
118445,81713,65510,28790,319589,Returned,17/06/2023 01:10:41,16/06/2023 17:39:00,17/06/2023 09:04:00,19/06/2023 13:31:00,6.5
118993,82085,65810,18229,321048,Returned,29/04/2023 13:25:34,30/04/2023 04:53:00,02/05/2023 14:42:00,02/05/2023 19:05:00,6.5
157414,108574,86940,28790,425032,Returned,29/09/2022 16:31:19,01/10/2022 01:19:00,01/10/2022 06:38:00,03/10/2022 06:33:00,6.5
166307,114706,91874,9294,449084,Returned,19/11/2023 07:20:15,21/11/2023 00:45:23,22/11/2023 11:46:23,24/11/2023 08:21:23,6.5
177334,122364,97965,9430,478910,Returned,29/08/2021 15:28:48,30/08/2021 22:09:00,01/09/2021 00:21:00,01/09/2021 02:05:00,6.5
12508,8607,6911,24954,33838,Cancelled,26/10/2022 14:38:03,,,,6.5
18572,12834,10302,24572,50196,Cancelled,06/03/2021 03:26:45,,,,6.5
22091,15259,12195,6243,59769,Cancelled,21/11/2022 06:08:16,,,,6.5
23187,16018,12843,24954,62740,Cancelled,13/10/2022 16:02:43,,,,6.5
76533,52917,42278,24572,206458,Cancelled,27/07/2022 03:04:21,,,,6.5
94742,65466,52384,9430,255562,Cancelled,15/04/2023 12:36:05,,,,6.5
110445,76233,61103,9201,297988,Cancelled,12/01/2022 07:06:11,,,,6.5
112935,77951,62449,9051,304702,Cancelled,10/04/2023 08:08:53,,,,6.5
152179,104914,83997,9347,410874,Cancelled,01/03/2019 07:19:49,,,,6.5
171978,118644,95054,9299,464494,Cancelled,09/11/2023 03:56:05,,,,6.5
180751,124707,99882,9407,488130,Cancelled,01/11/2023 12:46:15,,,,6.5
10754,7381,5929,9254,29107,Processing,22/08/2021 14:50:25,,,,6.5
14817,10242,8225,28790,40068,Processing,22/08/2023 23:54:03,,,,6.5
23385,16153,12936,28790,63276,Processing,05/06/2022 14:29:33,,,,6.5
29837,20634,16534,9294,80654,Processing,31/03/2021 09:44:13,,,,6.5
39020,26999,21540,9347,105382,Processing,27/04/2023 02:30:19,,,,6.5
53654,37115,29588,9299,144899,Processing,13/03/2023 05:06:26,,,,6.5
58573,40490,32241,9299,158149,Processing,31/05/2023 13:40:22,,,,6.5
83636,57862,46297,9299,225598,Processing,03/07/2023 03:46:57,,,,6.5
86374,59746,47788,9294,233013,Processing,20/07/2023 09:22:20,,,,6.5
92123,63680,50952,24572,248517,Processing,06/11/2023 17:53:09,,,,6.5
111974,77286,61934,9294,302099,Processing,12/03/2023 03:33:04,,,,6.5
112663,77769,62314,24954,303947,Processing,19/11/2023 03:34:02,,,,6.5
118594,81816,65591,28790,319997,Processing,17/11/2023 01:52:57,,,,6.5
135545,93541,75002,9201,365830,Processing,08/07/2021 23:32:37,,,,6.5
150238,103550,82916,9430,405622,Processing,17/07/2023 09:41:26,,,,6.5
154554,106572,85300,9299,417309,Processing,16/10/2021 02:05:51,,,,6.5
154809,106753,85463,24572,418000,Processing,17/09/2023 11:46:35,,,,6.5
159690,110142,88155,9161,431215,Processing,13/11/2023 00:08:44,,,,6.5
167640,115625,92609,24954,452698,Processing,27/05/2019 12:43:55,,,,6.5
169337,116834,93560,9299,457327,Processing,28/05/2023 12:39:37,,,,6.5
170510,117630,94223,9161,460511,Processing,22/07/2020 03:17:47,,,,6.5
177320,122356,97959,9254,478876,Processing,09/07/2020 07:05:33,,,,6.5
72022,49758,39761,28595,194284,Shipped,02/08/2020 01:22:16,03/08/2020 00:25:00,,,6.75
116193,80191,64237,11009,313519,Shipped,29/05/2023 10:52:20,30/05/2023 07:07:00,,,6.75
128693,88781,71198,28595,347227,Shipped,13/07/2023 23:31:35,12/07/2023 13:55:00,,,6.75
135128,93238,74760,11009,364706,Shipped,10/09/2023 20:56:44,12/09/2023 09:37:00,,,6.75
158242,109156,87362,28595,427295,Shipped,02/09/2022 02:45:18,30/08/2022 09:50:00,,,6.75
117359,80995,64897,28595,316677,Complete,14/06/2023 11:27:36,15/06/2023 07:29:00,20/06/2023 06:10:00,,6.75
142818,98490,78899,11009,385490,Complete,21/10/2023 03:52:28,21/10/2023 11:17:00,22/10/2023 08:32:00,,6.75
90169,62327,49838,28595,243268,Cancelled,22/04/2021 09:04:36,,,,6.75
102082,70481,56428,11009,275281,Cancelled,28/08/2023 01:14:14,,,,6.75
14757,10199,8194,11009,39906,Processing,15/11/2022 04:45:37,,,,6.75
631,429,354,28848,1706,Shipped,25/04/2023 08:04:07,25/04/2023 15:49:00,,,7
19044,13160,10559,13810,51501,Shipped,16/11/2021 04:11:31,14/11/2021 16:58:00,,,7
23468,16209,12986,11782,63506,Shipped,21/12/2022 07:05:24,17/12/2022 21:31:00,,,7
24372,16847,13494,24905,65943,Shipped,11/07/2022 12:31:56,12/07/2022 02:55:00,,,7
25730,17774,14209,15547,69578,Shipped,25/04/2022 08:48:48,22/04/2022 21:06:00,,,7
33429,23127,18502,12690,90312,Shipped,24/08/2022 12:21:44,26/08/2022 00:19:00,,,7
35629,24677,19696,11782,96279,Shipped,20/05/2023 05:30:22,22/05/2023 09:31:00,,,7
36276,25115,20035,12554,98051,Shipped,26/04/2021 11:37:15,27/04/2021 13:18:00,,,7
36593,25322,20199,12537,98885,Shipped,14/07/2021 08:33:36,12/07/2021 15:05:00,,,7
38490,26655,21263,12537,103948,Shipped,28/11/2022 01:48:59,29/11/2022 02:05:00,,,7
45615,31550,25094,12665,123160,Shipped,12/09/2022 22:36:21,10/09/2022 05:49:00,,,7
47967,33166,26371,12665,129454,Shipped,15/05/2023 11:47:10,15/05/2023 15:50:00,,,7
48570,33567,26716,13810,131097,Shipped,07/03/2021 23:24:53,06/03/2021 14:01:00,,,7
68121,47077,37533,15402,183878,Shipped,25/05/2023 04:57:42,22/05/2023 21:34:00,,,7
71241,49221,39319,24905,192205,Shipped,16/04/2021 23:37:10,17/04/2021 08:23:00,,,7
76908,53171,42484,15547,207485,Shipped,14/08/2023 06:03:19,14/08/2023 12:00:00,,,7
93465,64588,51670,15402,252105,Shipped,11/02/2023 05:36:17,13/02/2023 10:12:00,,,7
96049,66369,53106,15863,259044,Shipped,23/10/2023 17:58:41,24/10/2023 09:46:00,,,7
96225,66491,53205,15622,259526,Shipped,21/10/2020 16:24:38,20/10/2020 05:01:00,,,7
101489,70078,56063,24905,273698,Shipped,20/01/2023 09:49:18,16/01/2023 23:14:00,,,7
105333,72722,58245,11000,284067,Shipped,28/09/2022 22:02:19,01/10/2022 14:29:00,,,7
108625,74977,60078,28848,293044,Shipped,27/10/2022 03:23:39,25/10/2022 23:45:00,,,7
126173,87044,69823,12690,340437,Shipped,14/04/2023 14:54:09,16/04/2023 19:42:00,,,7
128746,88815,71225,24905,347370,Shipped,21/11/2023 08:19:21,20/11/2023 15:39:09,,,7
138383,95471,76524,15863,373495,Shipped,03/09/2020 05:53:38,31/08/2020 11:31:00,,,7
142486,98269,78727,15402,384611,Shipped,22/11/2023 04:42:38,20/11/2023 18:52:31,,,7
142488,98271,78729,28848,384616,Shipped,03/11/2022 08:09:01,04/11/2022 05:47:00,,,7
148830,102595,82169,15402,401808,Shipped,03/12/2022 03:58:20,04/12/2022 05:13:00,,,7
150678,103862,83153,11782,406804,Shipped,12/07/2023 10:57:33,08/07/2023 20:27:00,,,7
154128,106267,85057,15402,416179,Shipped,22/08/2023 04:51:16,23/08/2023 19:19:00,,,7
164602,113530,90950,11782,444503,Shipped,06/01/2023 22:21:05,08/01/2023 00:58:00,,,7
168559,116272,93126,12690,455194,Shipped,17/02/2023 06:03:11,13/02/2023 20:17:00,,,7
168807,116444,93250,12690,455870,Shipped,08/06/2023 03:57:55,10/06/2023 11:51:00,,,7
171958,118631,95041,8892,464443,Shipped,19/11/2023 08:16:50,19/11/2023 21:22:48,,,7
176974,122122,97762,11783,477938,Shipped,18/11/2023 06:59:00,15/11/2023 15:22:00,,,7
1567,1067,872,8935,4244,Complete,21/03/2023 21:51:21,23/03/2023 20:25:00,25/03/2023 12:51:00,,7
6294,4270,3446,8892,17057,Complete,09/10/2023 06:17:11,08/10/2023 11:40:00,13/10/2023 10:25:00,,7
11205,7703,6197,24905,30326,Complete,02/01/2021 00:20:33,04/01/2021 04:59:00,06/01/2021 02:01:00,,7
20357,14073,11265,25558,55046,Complete,03/06/2020 23:49:09,04/06/2020 14:41:00,05/06/2020 09:37:00,,7
21810,15080,12067,8935,58973,Complete,17/11/2022 09:43:49,16/11/2022 02:23:00,19/11/2022 22:00:00,,7
22921,15828,12681,15622,62024,Complete,14/12/2019 04:41:02,16/12/2019 21:27:00,20/12/2019 01:06:00,,7
24362,16839,13486,12567,65918,Complete,21/08/2021 00:32:06,19/08/2021 05:07:00,22/08/2021 16:11:00,,7
28267,19560,15656,12567,76419,Complete,16/07/2023 01:53:46,17/07/2023 22:45:00,19/07/2023 01:48:00,,7
32785,22676,18151,13969,88597,Complete,07/07/2022 10:40:39,03/07/2022 19:14:00,05/07/2022 02:05:00,,7
33606,23256,18605,11000,90799,Complete,26/03/2023 12:09:12,25/03/2023 06:58:00,28/03/2023 22:44:00,,7
35166,24362,19468,12690,95025,Complete,25/08/2023 14:22:53,25/08/2023 18:25:00,29/08/2023 20:05:00,,7
42179,29179,23225,13969,113939,Complete,18/06/2023 13:46:27,19/06/2023 14:57:00,24/06/2023 04:06:00,,7
55185,38155,30377,12690,149020,Complete,06/05/2022 04:09:19,08/05/2022 08:14:00,11/05/2022 18:28:00,,7
60590,41862,33359,12690,163603,Complete,13/07/2020 10:31:19,15/07/2020 16:31:00,18/07/2020 08:35:00,,7
63347,43774,34909,11834,171058,Complete,24/07/2023 08:37:02,22/07/2023 23:53:00,27/07/2023 21:09:00,,7
66568,45979,36651,13810,179734,Complete,10/08/2023 16:30:25,13/08/2023 15:47:00,16/08/2023 11:16:00,,7
83828,57993,46388,12537,226113,Complete,12/05/2022 12:32:16,11/05/2022 05:53:00,14/05/2022 20:40:00,,7
90401,62486,49983,8892,243884,Complete,18/11/2023 01:38:27,20/11/2023 05:46:28,20/11/2023 07:36:28,,7
90751,62722,50165,12690,244836,Complete,21/10/2023 10:47:35,21/10/2023 19:33:00,24/10/2023 21:42:00,,7
95862,66245,52999,8935,258547,Complete,16/08/2023 17:26:18,13/08/2023 06:06:00,16/08/2023 09:00:00,,7
98616,68111,54468,15547,265966,Complete,03/08/2022 06:06:31,31/07/2022 21:33:00,03/08/2022 08:21:00,,7
100883,69684,55760,15402,272096,Complete,17/09/2023 00:03:01,16/09/2023 09:53:00,16/09/2023 13:11:00,,7
101945,70393,56340,11783,274918,Complete,24/09/2020 15:30:34,26/09/2020 10:20:00,27/09/2020 00:54:00,,7
115051,79387,63610,11834,310423,Complete,26/01/2023 07:44:20,26/01/2023 14:14:00,29/01/2023 21:36:00,,7
122268,84350,67648,8892,329870,Complete,25/02/2023 01:31:22,24/02/2023 09:47:00,01/03/2023 05:10:00,,7
125620,86665,69510,15402,338960,Complete,11/04/2022 08:32:45,14/04/2022 03:35:00,17/04/2022 16:39:00,,7
136216,93995,75347,28848,367655,Complete,15/11/2022 02:15:12,15/11/2022 12:17:00,17/11/2022 16:32:00,,7
136240,94011,75360,15402,367717,Complete,10/11/2023 00:43:16,11/11/2023 01:04:00,12/11/2023 00:29:00,,7
136554,94229,75528,15547,368569,Complete,17/11/2023 17:50:25,18/11/2023 13:08:06,18/11/2023 16:12:06,,7
137612,94947,76093,15402,371439,Complete,24/08/2023 06:38:33,27/08/2023 00:55:00,31/08/2023 16:50:00,,7
143590,99009,79325,11783,387560,Complete,11/11/2020 04:56:42,11/11/2020 14:18:00,14/11/2020 07:01:00,,7
147668,101798,81545,15402,398625,Complete,30/01/2023 05:07:08,31/01/2023 12:45:00,01/02/2023 11:08:00,,7
148249,102192,81862,11834,400210,Complete,22/09/2023 04:39:01,23/09/2023 16:20:00,27/09/2023 22:10:00,,7
148632,102451,82069,15402,401250,Complete,09/12/2021 07:19:03,11/12/2021 12:36:00,14/12/2021 05:01:00,,7
151724,104586,83735,8892,409658,Complete,04/01/2023 22:59:24,05/01/2023 21:07:00,09/01/2023 16:04:00,,7
158322,109209,87411,15402,427515,Complete,23/06/2022 10:10:42,22/06/2022 02:01:00,22/06/2022 18:05:00,,7
159487,110008,88050,12567,430652,Complete,10/09/2023 03:58:17,11/09/2023 08:40:00,15/09/2023 09:41:00,,7
163373,112685,90281,28848,441171,Complete,23/11/2023 09:39:42,21/11/2023 18:11:41,24/11/2023 02:59:41,,7
173637,119781,95930,15863,468990,Complete,28/01/2021 14:45:06,28/01/2021 23:37:00,30/01/2021 16:07:00,,7
175047,120746,96680,15622,472758,Complete,20/11/2023 02:01:02,21/11/2023 17:35:33,22/11/2023 01:04:33,,7
176324,121641,97398,12567,476173,Complete,23/09/2023 01:59:42,23/09/2023 17:00:00,23/09/2023 18:58:00,,7
177446,122452,98031,12537,479231,Complete,10/08/2023 14:31:25,10/08/2023 16:22:00,14/08/2023 21:59:00,,7
24195,16724,13394,15622,65478,Returned,28/10/2023 13:28:55,29/10/2023 18:22:00,02/11/2023 23:57:00,03/11/2023 05:18:00,7
25193,17417,13953,25558,68144,Returned,13/01/2023 04:18:45,09/01/2023 21:19:00,14/01/2023 04:24:00,15/01/2023 16:55:00,7
26710,18479,14752,25558,72214,Returned,25/02/2023 08:31:37,27/02/2023 00:24:00,02/03/2023 03:27:00,04/03/2023 22:35:00,7
36061,24967,19929,12690,97443,Returned,29/10/2023 01:28:31,29/10/2023 21:33:00,30/10/2023 12:01:00,31/10/2023 10:06:00,7
37236,25779,20569,8892,100623,Returned,29/04/2021 03:13:50,26/04/2021 23:04:00,30/04/2021 00:55:00,30/04/2021 14:04:00,7
65993,45585,36345,11834,178153,Returned,07/08/2020 06:23:55,05/08/2020 11:57:00,08/08/2020 14:09:00,11/08/2020 04:19:00,7
67246,46456,37041,15547,181522,Returned,19/03/2021 02:19:45,21/03/2021 11:38:00,23/03/2021 13:52:00,24/03/2021 16:05:00,7
84055,58154,46520,13969,226722,Returned,13/01/2021 01:37:06,15/01/2021 16:45:00,16/01/2021 21:05:00,18/01/2021 14:57:00,7
94639,65395,52325,28848,255270,Returned,04/04/2023 00:52:43,06/04/2023 22:23:00,09/04/2023 05:54:00,09/04/2023 19:30:00,7
120123,82895,66443,11000,324094,Returned,06/07/2023 09:47:25,06/07/2023 15:39:00,09/07/2023 19:54:00,11/07/2023 19:50:00,7
126042,86955,69755,15622,340081,Returned,25/05/2023 09:55:13,25/05/2023 13:51:00,30/05/2023 01:28:00,30/05/2023 08:07:00,7
145275,100193,80263,8892,392168,Returned,16/10/2023 20:51:15,19/10/2023 05:26:00,21/10/2023 13:43:00,22/10/2023 18:55:00,7
168938,116545,93317,11782,456223,Returned,24/09/2023 10:06:33,27/09/2023 03:14:00,28/09/2023 01:11:00,30/09/2023 18:32:00,7
179258,123693,99055,25558,484153,Returned,16/03/2021 02:24:44,14/03/2021 13:07:00,15/03/2021 05:18:00,16/03/2021 15:45:00,7
179872,124117,99413,8892,485784,Returned,07/10/2023 11:20:28,07/10/2023 13:12:00,10/10/2023 21:14:00,13/10/2023 04:49:00,7
10304,7062,5664,15547,27895,Cancelled,28/01/2023 12:48:14,,,,7
13719,9465,7602,11834,37132,Cancelled,15/07/2023 06:34:15,,,,7
44854,31008,24663,12554,121094,Cancelled,20/08/2022 08:32:59,,,,7
48914,33809,26915,11000,132023,Cancelled,22/10/2021 08:28:28,,,,7
53459,37001,29495,12537,144367,Cancelled,14/02/2023 18:20:54,,,,7
61811,42704,34031,11782,166909,Cancelled,19/12/2022 04:08:16,,,,7
113375,78248,62673,8892,305863,Cancelled,17/06/2021 10:17:51,,,,7
116921,80705,64660,15622,315491,Cancelled,03/12/2022 12:31:00,,,,7
117089,80817,64753,15547,315946,Cancelled,05/01/2021 22:56:29,,,,7
125182,86352,69261,8935,337765,Cancelled,07/11/2023 23:05:10,,,,7
140269,96762,77516,12567,378596,Cancelled,07/11/2023 00:25:54,,,,7